,index,phoneTimestamp,pm1,pm2_5,pm10,temperature,humidity,bin0,bin1,bin2,bin3,bin4,bin5,bin6,bin7,bin8,bin9,bin10,bin11,bin12,bin13,bin14,bin15,total,gpsLongitude,gpsLatitude,gpsAltitude,gpsAccuracy,time,clustered_index,environment_index
1,248,1512477759716,1.6543835,2.6376421000000003,3.1397374,21.300001,39.4,163,40,35,24,12,16,6,3,0,0,0,0,0,0,0,0,299,-3.1840272,55.944608499999994,121.0,10.0,12:42:39.716000,72,2
2,249,1512477780469,1.4302783000000001,2.3735604,3.72597,19.9,40.3,123,40,26,26,14,17,5,0,1,1,0,0,0,0,0,0,253,-3.1839687000000003,55.944341,124.0,10.0,12:43:00.469000,72,2
3,250,1512477801232,1.8246665000000002,2.890167,3.376095,19.1,41.100002,132,54,51,29,10,9,6,3,0,0,0,0,0,0,0,0,294,-3.1836557,55.9440745,130.0,12.0,12:43:21.232000,23,2
4,251,1512477821342,1.6271253,2.8310267999999996,10.55702,18.2,43.100002,124,43,38,27,11,20,9,2,0,1,1,0,0,0,1,0,277,-3.1835931,55.9437328,127.0,9.0,12:43:41.342000,55,1
5,252,1512477842103,1.3389242000000001,2.4253416000000003,3.3734580000000003,17.800001,43.9,98,25,42,25,16,10,7,4,1,0,0,0,0,0,0,0,228,-3.1834621,55.943397499999996,137.0,4.0,12:44:02.103000,55,1
6,253,1512477862864,1.4936044,2.655773,4.2946944,15.7,47.0,105,39,29,36,9,17,8,1,1,1,0,0,0,0,0,0,246,-3.1833085,55.94315129999999,134.0,5.0,12:44:22.864000,4,4
7,254,1512477883622,1.3286927,2.4470382,3.40504,13.6,53.7,87,43,29,24,15,14,10,3,1,0,0,0,0,0,0,0,226,-3.1830916,55.9429328,137.0,3.9,12:44:43.622000,4,4
8,255,1512477903738,1.5747924,2.7482803,7.4852705,13.6,53.7,119,44,32,28,14,18,4,6,1,0,0,1,0,0,0,0,267,-3.1828357000000005,55.94275820000001,134.0,10.0,12:45:03.738000,38,4
9,256,1512477923846,1.5684791,2.7338240000000003,4.433143,13.7,53.0,119,45,35,31,10,19,7,3,1,1,0,0,0,0,0,0,271,-3.1825827999999996,55.9425154,133.0,10.0,12:45:23.846000,38,4
10,257,1512477944609,1.7134011000000002,2.8086815,4.9607730000000005,13.7,52.7,133,51,44,26,13,14,8,1,1,0,1,0,0,0,0,0,292,-3.1823525000000004,55.94225060000001,135.0,10.0,12:45:44.609000,57,0
13,260,1512478006238,2.51782,3.6525023,3.9103699,13.7,53.5,237,79,48,29,9,18,7,0,0,0,0,0,0,0,0,0,427,-3.181734,55.941604500000004,135.0,13.0,12:46:46.238000,18,0
15,262,1512478048402,1.3914785,2.2369053,3.7544327000000006,13.400001000000001,55.2,130,46,23,23,10,14,4,3,1,1,0,0,0,0,0,0,255,-3.1812321,55.940858999999996,133.0,12.0,12:47:28.402000,25,2
16,263,1512478067218,1.9468879000000001,2.8578446,3.5317585,13.400001000000001,55.4,184,46,38,18,8,13,3,2,1,0,0,0,0,0,0,0,313,-3.1816218999999997,55.940701600000004,133.0,10.0,12:47:47.218000,44,1
17,264,1512478088627,1.1031921999999998,2.0014822,5.504135,13.3,56.0,89,25,24,26,10,13,8,0,0,2,1,0,0,0,0,0,198,-3.1821262000000003,55.94068570000001,123.0,8.0,12:48:08.627000,44,1
18,265,1512478108751,1.4969392,2.5975667999999996,7.752414999999999,13.1,56.4,112,40,29,24,10,16,9,2,0,1,0,1,0,0,0,0,244,-3.1826397999999996,55.9405451,127.0,13.0,12:48:28.751000,8,1
19,266,1512478128849,1.3723149,2.2638283,2.6042813999999996,12.900001,56.9,98,40,33,17,14,10,7,1,0,0,0,0,0,0,0,0,220,-3.1830357000000005,55.9404215,127.0,6.0,12:48:48.849000,8,1
20,267,1512478149612,1.1907929,2.2248585,3.5061282999999994,12.8,57.8,79,31,30,24,9,9,10,3,2,0,0,0,0,0,0,0,197,-3.1834328999999997,55.940358700000004,126.0,4.0,12:49:09.612000,29,3
21,268,1512478169721,1.2513083999999999,2.1381536,2.4134033,12.6,58.600002,83,29,31,26,5,10,8,0,0,0,0,0,0,0,0,0,192,-3.1838869,55.9402947,120.0,8.0,12:49:29.721000,43,3
22,269,1512478190483,1.2046578000000001,2.2140126,3.9132144,12.3,59.600002,92,21,30,26,10,11,8,2,1,1,0,0,0,0,0,0,202,-3.184345,55.94007020000001,120.0,5.0,12:49:50.483000,43,3
23,270,1512478210590,1.1585302,2.0349326000000003,3.3047053999999996,12.0,60.0,90,29,28,24,8,10,8,2,0,1,0,0,0,0,0,0,200,-3.1849554,55.9399279,129.0,9.0,12:50:10.590000,60,1
24,271,1512478231456,1.424512,2.5480125,3.8907595,11.8,61.100002,99,35,31,40,15,10,8,2,0,1,0,0,0,0,0,0,241,-3.1854120999999997,55.9398115,130.0,8.0,12:50:31.456000,12,1
25,272,1512478252855,1.2858682,2.4340544,4.892046,11.7,61.100002,100,40,26,25,16,19,11,3,1,0,1,0,0,0,0,0,242,-3.1858364,55.93979920000001,128.0,7.0,12:50:52.855000,69,3
26,273,1512478274245,1.1251063000000001,1.8860477999999998,2.919759,11.7,61.2,74,33,24,20,8,14,3,0,0,1,0,0,0,0,0,0,177,-3.1862109,55.9397292,133.0,6.0,12:51:14.245000,69,3
27,274,1512478293080,1.3035752,2.2619398,4.4222264000000004,11.6,61.8,86,28,37,22,12,8,4,1,3,1,0,0,0,0,0,0,202,-3.1865612999999997,55.939703099999996,140.0,8.0,12:51:33.080000,47,3
28,275,1512478313199,1.3256903,2.4038310000000003,4.4230504,11.5,62.0,94,40,25,25,8,19,7,2,2,1,0,0,0,0,0,0,223,-3.1868596,55.9397341,130.0,8.0,12:51:53.199000,47,3
29,276,1512478333313,1.1581916,2.1382658,4.1681848,11.5,62.3,89,33,25,25,12,15,8,0,3,1,0,0,0,0,0,0,211,-3.1873099999999996,55.93972579999999,131.0,8.0,12:52:13.313000,21,1
30,277,1512478354073,1.3877431,2.749283,4.4737344000000006,11.400001,62.7,68,42,40,19,10,16,15,2,3,0,0,0,0,0,0,0,215,-3.1879022999999997,55.9396811,124.0,6.0,12:52:34.073000,3,1
31,278,1512478374170,1.3909791999999999,2.6152306,3.6082267999999997,11.3,62.7,99,27,29,32,21,20,6,0,2,0,0,0,0,0,0,0,236,-3.1884462000000005,55.939682499999996,128.0,8.0,12:52:54.170000,78,1
32,279,1512478394928,1.5985993,2.823008,3.6933617999999995,11.3,63.0,121,40,31,30,11,14,10,5,0,0,0,0,0,0,0,0,262,-3.1889494,55.9396661,129.0,7.0,12:53:14.928000,66,1
33,280,1512478415137,1.5788886999999998,2.9903383,4.7192183,11.3,63.100002,113,36,33,25,15,18,10,6,2,0,0,0,0,0,0,0,258,-3.1895145,55.939695900000004,117.0,6.0,12:53:35.137000,33,4
34,281,1512478435260,1.6303604,2.9677358,5.1772766,11.3,63.5,90,53,37,40,13,9,11,3,2,1,0,0,0,0,0,0,259,-3.1898586,55.939747600000004,117.0,8.0,12:53:55.260000,64,1
35,282,1512478456004,1.4451776,2.6309113999999996,3.6338699999999995,11.0,64.3,88,48,29,28,10,16,10,3,1,0,0,0,0,0,0,0,233,-3.1907026000000003,55.939775899999994,117.0,4.0,12:54:16.004000,11,1
36,283,1512478476122,1.3045684,2.3512003,5.8396883,11.1,64.200005,90,37,30,26,12,16,5,2,2,1,1,0,0,0,0,0,222,-3.1912306,55.93982679999999,116.0,7.0,12:54:36.122000,19,1
37,284,1512478496220,1.4016399,2.5539732,4.919967,11.0,64.5,98,41,31,22,13,14,11,3,0,2,0,0,0,0,0,0,235,-3.1916381,55.9399157,119.0,7.0,12:54:56.220000,19,1
38,285,1512478516987,1.3406622,2.593975,3.4532402,11.0,64.4,79,38,34,28,18,15,13,1,1,0,0,0,0,0,0,0,227,-3.191621,55.940176199999996,116.0,5.0,12:55:16.987000,54,3
39,286,1512478538418,1.2393221,2.1575303,2.7494967,10.8,65.8,80,34,30,28,13,14,3,1,1,0,0,0,0,0,0,0,204,-3.1915965,55.9404806,115.0,5.0,12:55:38.418000,54,3
40,287,1512478558522,1.405016,2.6458075,5.606114,10.400001,66.9,72,47,28,26,14,20,5,0,5,1,0,0,0,0,0,0,218,-3.1915886,55.9408034,113.0,6.0,12:55:58.522000,31,3
41,288,1512478578535,1.1909871,2.3306139999999997,6.9187107,10.1,68.3,65,28,27,32,11,18,5,1,2,0,2,0,0,0,0,0,191,-3.1915432,55.9410725,124.0,6.0,12:56:18.535000,31,3
42,289,1512478598643,1.314007,2.2663138,2.7226083,9.8,69.700005,76,37,28,24,10,10,6,2,0,0,0,0,0,0,0,0,193,-3.1915732999999995,55.94136410000001,127.0,5.0,12:56:38.643000,59,3
43,290,1512478619405,1.2158753,2.234258,12.663193,9.6,70.5,72,35,21,32,14,11,7,2,0,0,0,0,0,0,1,1,196,-3.191544,55.94163220000001,125.0,5.0,12:56:59.405000,59,3
44,291,1512478639517,1.3691318000000001,2.4334853,2.998543,9.5,71.5,78,32,37,14,14,15,5,3,0,0,0,0,0,0,0,0,198,-3.1915272,55.9418858,124.0,6.0,12:57:19.517000,5,3
45,292,1512478660273,1.2016544,2.1908786,2.6731124,9.400001,72.0,78,26,26,23,10,15,6,2,0,0,0,0,0,0,0,0,186,-3.1914754000000003,55.9421022,120.0,5.0,12:57:40.273000,5,3
46,293,1512478681138,1.1932592,2.0955498,3.0865984,9.400001,71.8,73,33,22,19,9,12,6,0,2,0,0,0,0,0,0,0,176,-3.1915916,55.942509400000006,125.0,7.0,12:58:01.138000,62,3
47,294,1512478702442,1.1172874,2.0391135,2.4445035,9.3,72.200005,85,25,21,14,11,19,7,1,0,0,0,0,0,0,0,0,183,-3.1921196,55.94257170000001,130.0,5.0,12:58:22.442000,34,3
48,295,1512478721261,1.0155684,2.0401328000000003,3.6774626000000006,9.3,72.5,70,26,22,13,10,19,7,3,3,0,0,0,0,0,0,0,173,-3.1926502999999995,55.9426042,130.0,6.0,12:58:41.261000,76,3
49,296,1512478741458,1.4324754,2.3689457999999997,3.3061366000000003,9.3,72.700005,99,40,29,28,14,10,3,1,2,0,0,0,0,0,0,0,226,-3.1932264999999997,55.942618700000004,127.0,5.0,12:59:01.458000,15,3
50,297,1512478762882,1.4422959,2.760494,5.9746213,9.3,72.8,98,33,36,24,19,11,11,5,2,0,1,0,0,0,0,0,240,-3.1936776,55.9426343,125.0,5.0,12:59:22.882000,15,3
51,298,1512478782979,1.4600062,2.991547,4.224007599999999,9.3,72.9,86,42,34,36,16,17,19,3,1,0,0,0,0,0,0,0,254,-3.1941617,55.9426003,124.0,7.0,12:59:42.979000,71,3
52,299,1512478804945,1.393058,2.4765167000000003,4.204357,9.400001,72.700005,92,48,28,29,14,12,8,3,1,1,0,0,0,0,0,0,236,-3.1946303,55.9425723,119.0,6.0,13:00:04.945000,28,1
53,300,1512478824499,1.6296784,2.6907853999999998,5.042939,9.5,72.5,146,40,33,28,8,21,4,2,1,2,0,0,0,0,0,0,285,-3.1949829,55.942583,131.0,7.0,13:00:24.499000,28,1
54,301,1512478845173,1.5593665,2.7382364,4.942675599999999,9.6,71.4,96,40,49,18,9,9,9,4,2,1,0,0,0,0,0,0,237,-3.1955103,55.9425922,127.0,12.0,13:00:45.173000,50,3
55,302,1512478866026,1.5343528,2.7289950000000003,3.8138607,9.7,70.9,92,37,41,24,13,8,9,4,1,0,0,0,0,0,0,0,229,-3.1959169999999997,55.9425511,125.0,11.0,13:01:06.026000,50,3
56,303,1512478888082,1.5316557,2.7570517000000003,3.7491648,9.8,70.5,123,37,27,18,15,19,12,2,1,0,0,0,0,0,0,0,254,-3.1965031,55.94246879999999,132.0,8.0,13:01:28.082000,7,1
57,304,1512478908197,1.7685376,2.9163961,5.524418,9.900001,70.0,166,37,30,22,14,15,9,3,1,0,1,0,0,0,0,0,298,-3.1966333,55.9424497,130.0,7.0,13:01:48.197000,7,1
58,305,1512478928949,1.4722958000000002,2.4281812,2.8044653,10.0,69.8,117,30,29,16,7,18,6,1,0,0,0,0,0,0,0,0,224,-3.1970146,55.9424235,128.0,7.0,13:02:08.949000,30,1
59,306,1512478950364,1.8116893,2.9021112999999996,5.618557,10.0,69.4,165,36,40,29,9,21,4,0,0,3,0,0,0,0,0,0,307,-3.197462,55.9424159,122.0,9.0,13:02:30.364000,30,1
60,307,1512478973070,1.5533787000000001,2.6883037,7.455689,10.1,69.1,128,37,37,29,11,19,8,2,0,1,0,1,0,0,0,0,273,-3.1979718999999998,55.942382099999996,123.0,8.0,13:02:53.070000,51,4
61,308,1512478993818,1.5458450000000001,2.7040287999999997,3.9723947,10.1,69.0,102,36,38,25,15,18,6,1,0,1,0,0,0,0,0,0,242,-3.198432,55.9423585,126.0,5.0,13:03:13.818000,75,1
62,309,1512479014579,1.3511251,2.295748,6.097937,10.1,68.8,106,33,23,22,9,13,3,3,2,1,1,0,0,0,0,0,216,-3.1989074,55.9423076,120.0,10.0,13:03:34.579000,14,4
64,310,1512479034612,1.5975337,2.6926975,4.2217474,10.1,68.9,125,36,33,29,8,16,8,0,1,1,0,0,0,0,0,0,257,-3.1993075,55.9422257,123.0,7.0,13:03:54.612000,14,4
65,951,1512738248394,2.3813546000000003,3.5808733,6.064657700000001,20.0,35.4,227,77,49,41,9,4,12,2,2,0,1,0,0,0,0,0,424,-3.1841857000000005,55.9451407,139.0,6.0,13:04:08.394000,9,2
66,311,1512479056752,1.5475948,2.4296381,4.321661,10.1,68.8,134,42,26,21,11,9,4,2,2,1,0,0,0,0,0,0,252,-3.1997106,55.942198499999996,124.0,6.0,13:04:16.752000,58,4
67,952,1512738269153,2.5516021,4.0893126,7.240766499999999,19.5,27.0,199,91,67,36,12,12,8,9,2,2,0,0,0,0,0,0,438,-3.184221,55.944876199999996,139.0,11.0,13:04:29.153000,9,2
68,312,1512479076211,1.7964067,3.0179498,4.4537754000000005,10.1,68.9,136,45,39,24,13,15,10,2,0,1,0,0,0,0,0,0,285,-3.2001647999999996,55.9421318,126.0,9.0,13:04:36.211000,22,4
69,953,1512738288615,3.1014173,4.1804037,5.927467,18.800001,27.2,325,112,46,32,14,9,4,1,0,2,0,0,0,0,0,0,545,-3.1837763999999997,55.9446084,135.0,8.0,13:04:48.615000,72,2
70,313,1512479096329,1.7737294,2.9738476,9.466329,10.1,68.700005,146,52,34,22,10,21,6,6,1,0,0,0,0,1,0,0,299,-3.2005955000000004,55.9421245,130.0,9.0,13:04:56.329000,22,4
72,954,1512738308728,2.3008740000000003,3.3070983999999997,12.635629,18.1,26.0,206,73,46,29,7,8,5,1,1,1,0,1,0,0,1,0,379,-3.1835367999999997,55.9442844,138.0,4.0,13:05:08.728000,23,2
73,314,1512479117735,1.4651527,2.4773989,3.5565772000000004,10.1,68.4,111,48,33,23,9,14,8,2,2,0,0,0,0,0,0,0,250,-3.2007895,55.94233440000001,128.0,4.0,13:05:17.735000,56,1
75,955,1512738329573,3.672286,4.7955445999999995,6.4221797,17.5,25.4,404,105,49,32,11,8,2,1,2,1,0,0,0,0,0,0,615,-3.1835068,55.9439842,139.0,8.0,13:05:29.573000,23,2
76,315,1512479139137,2.0297666000000003,3.506351,5.0282297,10.2,68.200005,157,60,45,39,16,20,13,3,0,1,0,0,0,0,0,0,354,-3.2011122000000003,55.942612600000004,135.0,4.0,13:05:39.137000,56,1
77,802,1512651943161,2.0156548,2.9863293,4.0857496,22.1,44.100002,168,67,51,28,10,6,5,2,0,1,0,0,0,0,0,0,338,-3.1839274,55.945280000000004,137.5,15.857999999999999,13:05:43.161000,53,2
78,956,1512738349679,1.9577855,2.8960445,8.077333,16.7,26.300001,163,57,47,38,13,6,1,2,0,0,0,0,1,0,0,0,328,-3.1834376,55.9436754,139.0,9.0,13:05:49.679000,55,1
79,316,1512479159867,2.2411075,3.5417300000000003,11.654176,10.2,67.8,157,66,52,32,19,10,4,3,2,0,1,0,1,0,0,0,347,-3.2014955,55.9428585,121.0,5.0,13:05:59.867000,2,2
80,803,1512651963900,2.2661395,3.4215524,9.303625,21.9,44.7,179,71,71,33,5,7,5,2,3,0,0,0,1,0,0,0,377,-3.1836064,55.94510329999999,0.0,31.156999999999996,13:06:03.900000,35,4
82,317,1512479180019,1.694691,2.9648392000000006,4.980053400000001,10.3,67.6,135,39,45,24,13,16,11,2,2,1,0,0,0,0,0,0,288,-3.2017902,55.94308960000001,125.0,3.0,13:06:20.019000,39,4
83,804,1512651983369,2.215243,3.3249927,5.317064,21.7,43.7,150,91,69,37,6,9,2,2,1,2,0,0,0,0,0,0,369,-3.1836085,55.94510450000001,134.0,27.0,13:06:23.369000,35,4
84,958,1512738389835,2.7729955000000004,4.1313623999999995,5.1756496,15.0,26.2,256,87,55,27,15,14,8,5,1,0,0,0,0,0,0,0,468,-3.1832366000000003,55.9431793,140.0,8.0,13:06:29.835000,4,4
85,318,1512479200683,1.6495849999999999,2.787379,4.786978700000001,10.3,67.5,122,53,40,22,14,11,9,3,2,1,0,0,0,0,0,0,277,-3.2019796,55.9433743,125.0,8.0,13:06:40.683000,39,4
86,805,1512652003394,2.201828,3.1975894,3.4436525999999996,21.6,43.5,178,84,56,31,12,6,5,1,0,0,0,0,0,0,0,0,373,-3.1836130000000002,55.9451072,133.0,24.0,13:06:43.394000,35,4
87,959,1512738411336,2.717948,4.191267,4.8618193,14.0,27.1,201,102,59,37,13,19,8,4,0,0,0,0,0,0,0,0,443,-3.1830887999999997,55.942862899999994,135.0,8.0,13:06:51.336000,4,4
88,319,1512479221533,1.4305132999999999,2.547974,5.5907540000000004,10.400001,67.4,94,43,35,20,10,18,8,3,0,1,1,0,0,0,0,0,233,-3.2024417,55.943493999999994,128.0,6.0,13:07:01.533000,63,1
89,806,1512652024150,2.120633,3.2378007999999996,7.982355,21.5,42.100002,166,74,61,43,11,7,6,1,1,0,0,0,0,0,1,0,371,-3.1836178,55.94510989999999,142.0,56.0,13:07:04.150000,35,4
90,960,1512738430772,2.7252457000000003,4.1658545,13.137664000000001,13.1,29.9,206,101,59,33,12,13,7,6,0,2,1,0,0,1,0,0,441,-3.1827354,55.9426114,133.0,5.0,13:07:10.772000,38,4
91,320,1512479243606,1.2917053,2.4575825,5.119691,10.400001,67.4,90,43,26,28,11,19,9,4,1,2,0,0,0,0,0,0,233,-3.202925,55.943631499999995,124.0,4.0,13:07:23.606000,37,4
92,807,1512652044340,1.7425311,2.7999822999999995,3.5107105000000005,21.300001,41.9,148,61,47,43,13,10,6,3,1,0,0,0,0,0,0,0,332,-3.1836194,55.9451105,136.0,52.0,13:07:24.340000,35,4
93,961,1512738451550,4.586313,7.5038285,20.992088,13.1,32.5,398,158,104,63,42,33,16,12,5,4,3,1,0,0,0,0,839,-3.182255,55.942315799999996,133.0,6.0,13:07:31.550000,57,0
94,321,1512479263050,1.6754488,2.9745142,5.364027,10.400001,67.4,125,51,38,19,8,23,13,4,0,0,1,0,0,0,0,0,282,-3.2031403999999997,55.9438468,128.0,17.0,13:07:43.050000,37,4
95,808,1512652064468,2.0964093,3.1429088,3.6100934000000002,21.1,42.5,179,82,60,33,11,10,4,4,0,0,0,0,0,0,0,0,383,-3.1836207,55.9451108,134.0,45.0,13:07:44.468000,35,4
96,962,1512738470916,4.161265,7.072164999999999,20.382393,12.900001,31.1,413,104,88,62,30,19,27,13,9,5,1,1,0,0,0,0,772,-3.1819892999999997,55.94206170000001,138.0,9.0,13:07:50.916000,57,0
97,809,1512652085230,2.0690236,3.163384,3.7450671000000004,20.9,42.0,155,73,69,39,9,8,4,2,1,0,0,0,0,0,0,0,360,-3.1836232000000004,55.94511239999999,133.0,19.0,13:08:05.230000,35,4
100,810,1512652105894,2.1583169,3.27916,3.6212864000000002,20.800001,42.2,155,85,65,38,8,11,5,2,0,0,0,0,0,0,0,0,369,-3.1836244,55.9451132,132.0,21.0,13:08:25.894000,35,4
101,323,1512479308379,2.1528585,3.2731616000000003,3.7788167,10.400001,67.0,203,76,49,33,8,9,13,2,0,0,0,0,0,0,0,0,393,-3.2022131000000003,55.94445160000001,135.0,7.0,13:08:28.379000,73,4
103,811,1512652124977,2.1609926,3.3902094,4.2795214999999995,20.7,42.7,158,76,70,39,10,7,6,5,1,0,0,0,0,0,0,0,372,-3.1836252,55.945113799999994,132.0,25.0,13:08:44.977000,35,4
104,324,1512479329231,2.0069435,3.1232944,5.456789499999999,10.5,66.8,160,64,48,31,15,8,8,0,2,0,1,0,0,0,0,0,337,-3.2020217,55.944536899999996,129.0,6.0,13:08:49.231000,73,4
105,965,1512738532653,3.8692336000000003,6.434935,9.9531975,12.5,32.600002,345,122,83,46,17,20,34,10,3,1,0,0,0,0,0,0,681,-3.1814231,55.9412708,131.0,13.0,13:08:52.653000,18,0
106,812,1512652145849,2.1676536,3.2953930000000002,3.9790223,20.6,43.0,161,78,70,37,16,9,3,0,2,0,0,0,0,0,0,0,376,-3.1836252999999997,55.945113799999994,132.0,24.0,13:09:05.849000,35,4
107,325,1512479350639,1.6706505,2.8968002999999998,4.5094047,10.5,67.1,124,46,45,27,15,17,9,2,1,1,0,0,0,0,0,0,287,-3.2014331,55.944599399999994,127.0,8.0,13:09:10.639000,24,4
108,966,1512738552760,3.7362883,5.93269,19.654781,12.400001,33.100002,271,137,86,60,15,20,14,5,4,2,0,0,1,1,0,0,616,-3.1811327,55.9410191,133.0,10.0,13:09:12.760000,25,2
109,813,1512652165845,2.1380444,3.2995562999999994,5.279837000000001,20.6,42.2,161,79,64,40,14,6,3,5,0,2,0,0,0,0,0,0,374,-3.1836264,55.9451145,132.0,36.0,13:09:25.845000,35,4
110,326,1512479370657,1.612188,2.8039099999999997,3.8067148,10.6,66.6,135,39,41,24,15,17,12,0,2,0,0,0,0,0,0,0,285,-3.2008817,55.9447705,136.0,7.0,13:09:30.657000,74,2
111,967,1512738572873,2.2105365000000003,3.5198772000000003,5.891796,12.3,33.2,203,62,54,42,13,16,6,4,1,2,0,0,0,0,0,0,403,-3.1814162999999995,55.940788299999994,136.0,6.0,13:09:32.873000,25,2
112,814,1512652185960,2.6299262000000003,4.0555654,13.446628,,,212,93,67,52,14,18,2,4,0,2,2,0,1,0,0,0,467,-3.1839102,55.9452662,137.5,19.605999999999998,13:09:45.960000,53,2
113,968,1512738592235,2.663888,4.1220737000000005,5.186785700000001,12.1,32.600002,215,87,60,35,11,17,8,5,1,0,0,0,0,0,0,0,439,-3.1819696,55.940532499999996,141.0,5.0,13:09:52.235000,44,1
114,327,1512479393450,1.4273813,2.5213987999999996,5.1170464,10.7,66.3,119,48,30,35,16,20,3,4,2,2,0,0,0,0,0,0,279,-3.2003437000000003,55.944863299999994,141.0,9.0,13:09:53.450000,36,2
115,815,1512652206069,2.3057357999999994,3.4168966,4.562972,20.4,40.8,194,84,62,30,15,7,5,3,0,1,0,0,0,0,0,0,401,-3.1836772,55.945136600000005,132.0,7.0,13:10:06.069000,35,4
116,969,1512738613081,2.0994477000000002,3.1455802999999998,3.4113059999999997,11.8,32.0,173,63,45,31,17,10,4,1,0,0,0,0,0,0,0,0,344,-3.182586,55.9404346,136.0,11.0,13:10:13.081000,8,1
117,328,1512479414861,1.3438921,2.512998,6.0090965999999995,10.7,66.4,85,41,42,22,21,17,9,2,0,2,1,0,0,0,0,0,242,-3.1997245,55.9447777,139.0,9.0,13:10:14.861000,6,4
118,816,1512652226183,2.8746370999999997,4.4871992999999994,6.7927003,,,201,93,90,55,11,11,5,2,4,1,0,0,0,0,0,0,473,-3.1839199000000002,55.9452123,137.0,9.0,13:10:26.183000,53,2
120,970,1512738633416,3.0361849999999997,4.5667976999999995,6.710312400000001,11.3,32.4,291,71,56,37,16,18,6,4,2,1,0,0,0,0,0,0,502,-3.1827628,55.940457200000004,133.0,5.0,13:10:33.416000,8,1
121,329,1512479434990,1.5480605,2.6300535,4.6563606,10.8,66.1,129,49,33,18,15,17,11,2,0,0,1,0,0,0,0,0,275,-3.1993357000000002,55.944933299999995,140.0,10.0,13:10:34.990000,6,4
122,817,1512652246940,3.2545669999999998,4.982512,6.6780443,19.2,32.7,230,107,110,56,15,10,6,2,2,1,0,0,0,0,0,0,539,-3.1840436000000003,55.94514399999999,140.0,9.0,13:10:46.940000,53,2
124,971,1512738654874,1.6863328000000002,2.7623546,2.9799632999999996,11.1,33.600002,101,58,37,33,18,13,5,0,0,0,0,0,0,0,0,0,265,-3.1835482999999996,55.9403788,138.0,6.0,13:10:54.874000,29,3
125,330,1512479455660,1.3778341,2.4396815,3.4112370000000003,10.900001,65.9,104,42,35,32,15,13,9,1,2,0,0,0,0,0,0,0,253,-3.1988867,55.9449798,141.0,7.0,13:10:55.660000,79,1
126,818,1512652266411,2.6866746,4.076263,4.6419086,18.9,35.0,214,87,79,40,15,18,4,1,1,0,0,0,0,0,0,0,459,-3.184148,55.9450505,132.0,3.9,13:11:06.411000,9,2
127,972,1512738673844,1.8699328999999998,2.9281113,3.2840064,11.0,33.9,111,55,54,30,11,6,4,2,0,0,0,0,0,0,0,0,273,-3.1838252999999996,55.9403201,140.0,7.0,13:11:13.844000,43,3
128,331,1512479477160,1.4705033,2.4969618,8.637296000000001,10.900001,65.700005,103,43,40,23,13,11,8,1,1,1,0,0,0,0,1,0,245,-3.1984068,55.944945499999996,140.0,5.0,13:11:17.160000,26,2
129,819,1512652286525,3.4088538,5.1069283,7.283067,18.6,34.9,288,121,83,39,22,14,10,4,0,2,0,0,0,0,0,0,583,-3.1842097000000003,55.9448037,132.0,6.0,13:11:26.525000,9,2
130,973,1512738694597,2.2406017999999994,3.539643,9.594265,10.7,33.8,146,69,47,30,14,7,6,2,1,4,1,0,0,0,0,0,327,-3.1840857999999996,55.9402125,136.0,7.0,13:11:34.597000,43,3
132,820,1512652306628,3.3294566,5.0823407,6.2997510000000005,18.2,33.600002,227,113,109,50,13,12,9,2,0,1,0,0,0,0,0,0,536,-3.1836126,55.94441260000001,144.0,7.0,13:11:46.628000,23,2
133,974,1512738714061,2.8009758,4.997455,8.851799,10.400001,34.100002,195,84,58,48,27,22,19,5,3,2,0,0,0,0,0,0,463,-3.1846955,55.9400302,135.0,7.0,13:11:54.061000,60,1
134,333,1512479518013,2.4201314,3.6532904999999998,4.6196833,11.0,65.8,279,53,41,23,15,21,8,4,1,0,0,0,0,0,0,0,445,-3.1975791,55.9448848,137.0,5.0,13:11:58.013000,48,2
135,821,1512652326741,1.9741678,3.2059171,12.630036,17.5,34.3,134,76,48,47,16,13,6,1,1,1,0,1,0,1,0,0,345,-3.183529,55.9441702,143.0,8.0,13:12:06.741000,23,2
136,975,1512738734164,2.4064417000000002,3.9620273,9.306378,10.0,34.600002,170,75,45,46,10,19,10,4,0,1,0,1,0,0,0,0,381,-3.1851074,55.939967,128.0,7.0,13:12:14.164000,60,1
137,334,1512479539432,1.1367571,2.1461080000000003,2.8933191000000003,11.0,65.3,88,32,25,28,13,15,11,1,1,0,0,0,0,0,0,0,214,-3.1969992,55.944812399999996,146.0,9.0,13:12:19.432000,13,4
138,822,1512652346849,1.9841498,3.5028222,9.878214999999999,16.6,34.9,105,68,67,33,18,23,11,0,1,1,0,0,1,0,0,0,328,-3.1834675,55.94383829999999,143.0,8.0,13:12:26.849000,55,1
139,976,1512738754279,2.139971,3.7442696000000004,5.501515400000001,9.7,35.0,130,62,51,37,16,14,12,3,3,0,0,0,0,0,0,0,328,-3.1855738999999996,55.939848899999994,138.0,8.0,13:12:34.279000,12,1
140,335,1512479558236,1.3309332,2.3989854,3.3778973,11.0,65.200005,99,39,30,32,12,11,9,4,1,0,0,0,0,0,0,0,237,-3.1965293,55.944789799999995,140.0,8.0,13:12:38.236000,13,4
141,823,1512652366960,2.0615012999999998,3.858545,5.4367194,16.0,36.5,116,57,64,55,23,26,10,4,0,1,0,0,0,0,0,0,356,-3.1833744,55.9435719,134.0,5.0,13:12:46.960000,55,1
142,977,1512738775049,2.5117352000000004,3.8361945,4.141679,9.5,35.5,168,80,53,44,12,15,4,1,0,0,0,0,0,0,0,0,377,-3.1861997000000004,55.939784499999995,136.0,6.0,13:12:55.049000,69,3
143,336,1512479580959,1.3436457,2.313658,7.9562063,11.0,64.9,110,39,33,23,13,7,5,5,3,1,0,1,0,0,0,0,240,-3.1959958,55.9449089,145.0,5.0,13:13:00.959000,68,1
144,824,1512652387070,1.9563873,3.698011,5.3289313,15.3,37.100002,115,53,69,48,18,27,7,8,2,0,0,0,0,0,0,0,347,-3.1832937,55.9432971,141.0,6.0,13:13:07.070000,4,4
145,978,1512738795145,2.2020468999999996,3.8534534,5.568622599999999,9.3,35.600002,110,65,61,27,17,12,10,6,2,0,0,0,0,0,0,0,310,-3.1867706,55.93974920000001,135.0,8.0,13:13:15.145000,47,3
146,337,1512479599665,1.4529121,2.6499226,5.9610405,11.0,64.8,108,41,31,30,20,19,5,4,1,1,1,0,0,0,0,0,261,-3.1956643,55.9449843,142.0,10.0,13:13:19.665000,20,4
147,825,1512652407925,2.0783534,3.3921766000000004,4.255896599999999,14.400001000000001,38.9,118,76,49,38,24,12,2,4,1,0,0,0,0,0,0,0,324,-3.1830867,55.9430074,136.0,6.0,13:13:27.925000,4,4
148,979,1512738815910,1.7947521,2.8538806,3.375202,9.1,36.5,117,54,36,33,11,15,3,0,1,0,0,0,0,0,0,0,270,-3.1873065,55.93970229999999,122.0,6.0,13:13:35.910000,21,1
149,338,1512479621180,1.3599958,2.4946728,8.611941,11.0,65.0,114,32,34,31,12,24,9,1,0,1,0,0,1,0,0,0,259,-3.1950719,55.94485,145.0,3.9,13:13:41.180000,42,0
150,826,1512652428690,2.611639,4.5669417,6.301812,13.400001000000001,40.9,166,88,70,53,21,27,12,4,3,0,0,0,0,0,0,0,444,-3.182786,55.9427012,137.0,8.0,13:13:48.690000,38,4
151,980,1512738836680,4.0929437,7.770969999999999,16.618451999999998,8.900001,36.600002,225,126,103,60,33,31,24,18,10,3,0,0,0,0,0,0,633,-3.1878572999999997,55.9397101,120.0,4.0,13:13:56.680000,3,1
152,339,1512479642590,1.3212893,2.4013512,9.60075,11.0,65.1,118,35,26,24,18,18,7,2,3,1,0,0,0,1,0,0,253,-3.1946187000000004,55.9448584,141.0,7.0,13:14:02.590000,67,2
153,827,1512652448170,2.0504096,3.649654,9.770069,13.3,41.3,113,57,64,46,20,17,10,2,1,0,0,0,0,1,0,0,331,-3.1824562999999997,55.9424392,136.0,9.0,13:14:08.170000,38,4
154,981,1512738858083,2.6878382999999997,4.841151,8.246003,8.7,37.0,157,91,68,43,22,20,19,9,1,0,1,0,0,0,0,0,431,-3.1883307,55.93963660000001,119.0,3.9,13:14:18.083000,78,1
155,340,1512479662688,1.3298328000000001,2.301439,3.227337,11.1,65.0,89,57,26,20,10,16,7,4,1,0,0,0,0,0,0,0,230,-3.1940147,55.94494649999999,144.0,4.0,13:14:22.688000,49,2
156,828,1512652468251,2.3737435000000002,4.1867614,14.963,13.1,41.600002,139,79,62,60,19,18,11,4,2,1,0,1,1,0,0,0,397,-3.1820499,55.942102299999995,140.0,6.0,13:14:28.251000,57,0
157,982,1512738878836,2.7608837999999998,4.4291024000000006,5.46357,8.5,37.3,203,85,55,36,11,19,12,6,0,0,0,0,0,0,0,0,427,-3.1889135,55.939679500000004,120.0,4.0,13:14:38.836000,66,1
158,341,1512479684097,1.4722127,2.5826452,5.583426,11.1,65.0,113,50,34,25,12,21,8,2,1,1,1,0,0,0,0,0,268,-3.1935672000000004,55.9450045,144.0,4.0,13:14:44.097000,49,2
159,829,1512652488368,2.8473852,5.256377,11.684907,13.2,42.3,160,92,76,66,24,29,19,5,2,0,3,0,0,0,0,0,476,-3.1818082000000003,55.94188489999999,141.0,8.0,13:14:48.368000,18,0
160,983,1512738900847,2.7812614,4.4335837,6.02762,8.2,37.4,218,95,70,40,16,12,15,3,3,0,0,0,0,0,0,0,472,-3.1895393,55.939669200000004,123.0,3.9,13:15:00.847000,33,4
161,342,1512479704874,1.6629107,2.9976217999999997,14.182638,11.1,64.8,145,46,31,37,12,21,10,5,1,2,0,1,1,0,0,0,312,-3.1932669999999996,55.945143200000004,148.0,9.0,13:15:04.874000,0,2
162,830,1512652509144,2.7760856,4.883506,6.5505633,13.1,42.4,148,98,79,60,24,26,9,7,2,0,0,0,0,0,0,0,453,-3.18142,55.9416199,146.0,10.0,13:15:09.144000,18,0
163,984,1512738924169,2.1962624,3.6449382000000004,4.434015799999999,8.1,37.8,151,74,59,35,30,13,6,6,0,0,0,0,0,0,0,0,374,-3.1900551,55.939722399999994,124.0,5.0,13:15:24.169000,64,1
164,343,1512479725609,1.5436943,2.818694,10.528369999999999,11.1,64.5,111,53,40,32,19,17,11,3,1,1,2,1,0,0,0,0,291,-3.1931418999999996,55.94514960000001,144.0,3.9,13:15:25.609000,0,2
166,985,1512738945014,2.507835,4.448815,7.5564637,8.1,38.2,158,79,74,50,24,19,14,5,2,2,0,0,0,0,0,0,427,-3.190525,55.9398022,119.0,4.0,13:15:45.014000,11,1
167,344,1512479746936,1.3433008999999998,2.4177825,5.084352,11.1,64.8,109,40,30,21,14,18,8,3,2,0,1,0,0,0,0,0,246,-3.1928236,55.945145999999994,146.0,4.0,13:15:46.936000,0,2
168,832,1512652549262,3.7574875,5.75199,7.388167,12.7,43.100002,310,122,97,66,23,19,9,3,1,1,0,0,0,0,0,0,651,-3.1810807999999997,55.9410715,141.0,9.0,13:15:49.262000,25,2
169,986,1512738967078,2.6799839,5.265054,13.520126000000001,7.8,38.3,142,91,72,52,23,35,22,7,5,2,0,1,0,0,0,0,452,-3.1911965,55.9398213,125.0,7.0,13:16:07.078000,19,1
170,345,1512479767787,1.5232707,2.7038363999999997,4.599969000000001,11.2,64.8,115,44,34,34,14,18,7,2,2,1,0,0,0,0,0,0,271,-3.1923457,55.9451931,148.0,4.0,13:16:07.787000,32,0
171,833,1512652570752,3.450229,5.3910403,8.853665,12.7,43.5,263,121,92,57,16,20,10,4,2,1,1,0,0,0,0,0,587,-3.1810428,55.940843900000004,145.0,4.0,13:16:10.752000,25,2
172,346,1512479789194,3.3603566,5.4546175,10.159944,11.2,64.6,340,99,56,45,18,35,15,7,4,3,0,0,0,0,0,0,622,-3.1921971,55.945230599999995,137.0,14.0,13:16:29.194000,32,0
173,834,1512652589574,1.8050874,3.2698083,5.7432894999999995,12.7,43.600002,120,60,56,50,16,27,2,5,4,1,0,0,0,0,0,0,341,-3.1811654,55.940827799999994,145.0,5.0,13:16:29.574000,25,2
174,987,1512738991730,2.3856146000000003,4.0708017,6.164126400000001,7.7000003,38.9,173,85,65,44,18,22,13,4,2,1,0,0,0,0,0,0,427,-3.1917231,55.9399505,122.0,9.0,13:16:31.730000,19,1
175,835,1512652610331,2.020613,3.5353527000000002,8.959557,12.7,44.2,119,56,70,49,15,16,12,1,0,0,0,0,0,1,0,0,339,-3.1815729999999998,55.9408363,140.0,7.0,13:16:50.331000,44,1
176,347,1512479811266,2.1347742000000003,3.6844233999999996,14.514514000000002,11.2,64.9,214,47,38,34,28,20,11,3,4,1,2,0,1,0,0,0,403,-3.19159,55.945263600000004,141.0,5.0,13:16:51.266000,77,0
177,988,1512739015090,2.28545,4.032841,6.943827000000001,7.5,39.7,129,90,82,47,19,19,9,6,5,1,0,0,0,0,0,0,407,-3.1918384,55.939958,126.0,6.0,13:16:55.090000,19,1
178,836,1512652630353,2.0017831000000004,3.3016875,5.5631666,12.5,44.600002,119,66,50,32,16,18,5,0,1,2,0,0,0,0,0,0,309,-3.1819333999999997,55.94068879999999,145.0,8.0,13:17:10.353000,44,1
179,348,1512479831375,1.3118074,2.3068025000000003,5.150407,11.2,64.700005,95,38,32,17,16,13,8,2,0,1,1,0,0,0,0,0,223,-3.1913047999999997,55.94507779999999,142.0,5.0,13:17:11.375000,46,4
180,989,1512739039651,1.9951667000000002,3.3378550000000002,3.8075089999999996,7.3,40.0,143,67,53,51,21,13,9,2,0,0,0,0,0,0,0,0,359,-3.1917444,55.940137,112.0,7.0,13:17:19.651000,54,3
181,837,1512652650472,1.8855877,3.3507027999999996,5.1108484,12.2,45.3,94,60,56,39,19,14,8,3,1,1,0,0,0,0,0,0,295,-3.1823857999999996,55.9405502,151.0,7.0,13:17:30.472000,8,1
182,349,1512479850826,1.3340919,2.4171495,2.8999345,11.1,64.4,97,31,34,32,14,15,8,2,0,0,0,0,0,0,0,0,233,-3.1912981,55.944766599999994,141.0,7.0,13:17:30.826000,10,4
183,990,1512739061793,2.0662832,3.5019794,6.782653,6.1,41.7,129,61,53,38,15,16,8,2,1,1,1,0,0,0,0,0,325,-3.191681,55.94043539999999,119.0,8.0,13:17:41.793000,54,3
184,350,1512479871498,1.0572888999999999,2.0822689999999997,3.4134316,10.8,65.4,79,19,33,19,12,10,10,4,2,0,0,0,0,0,0,0,188,-3.1913586,55.9444695,140.0,9.0,13:17:51.498000,10,4
185,838,1512652671871,2.082611,3.7419263999999997,9.473866000000001,11.8,46.2,112,60,60,41,17,27,5,3,2,1,0,1,0,0,0,0,329,-3.182954,55.940509999999996,140.0,5.0,13:17:51.871000,8,1
186,991,1512739083846,1.9555438000000003,3.4387980000000002,4.679823000000001,5.4,44.4,107,65,48,33,18,26,9,0,0,1,0,0,0,0,0,0,307,-3.1916147,55.940844299999995,119.0,6.0,13:18:03.846000,31,3
187,839,1512652691438,2.1976511000000003,3.7602403,4.531644,11.6,46.9,100,75,63,46,25,15,5,2,1,0,0,0,0,0,0,0,332,-3.1832555,55.940426,137.0,4.0,13:18:11.438000,29,3
188,351,1512479892994,1.0744633999999997,2.1485126,5.0745515999999995,10.5,66.0,95,28,21,24,12,14,12,5,2,0,1,0,0,0,0,0,214,-3.1912960999999997,55.944131000000006,149.0,7.0,13:18:12.994000,41,4
189,992,1512739105823,1.7676543000000002,2.899035,3.6286848,4.9,46.100002,102,66,46,37,14,14,2,3,1,0,0,0,0,0,0,0,285,-3.1915656,55.9412226,120.0,7.0,13:18:25.823000,59,3
190,840,1512652711447,1.9419785,3.3026147000000003,4.0254483,11.6,47.600002,102,66,61,26,23,13,9,1,1,0,0,0,0,0,0,0,302,-3.1834907,55.940386100000005,133.0,6.0,13:18:31.447000,29,3
191,352,1512479913752,1.2851735,2.3910812999999997,4.1926246,10.3,67.1,79,47,32,30,21,9,11,1,2,1,0,0,0,0,0,0,233,-3.1912653,55.943864100000006,149.0,5.0,13:18:33.752000,41,4
192,993,1512739127966,1.8992921000000003,3.2430086,4.527508,4.4,47.600002,110,63,42,35,22,15,8,1,0,1,0,0,0,0,0,0,297,-3.1914832000000004,55.941502500000006,125.0,9.0,13:18:47.966000,59,3
193,841,1512652730994,1.9881377,3.3549860000000002,3.7537384,11.400001,47.9,116,54,54,32,18,17,7,1,0,0,0,0,0,0,0,0,299,-3.1839866000000003,55.940274699999996,137.0,7.0,13:18:50.994000,43,3
194,353,1512479934533,1.1567221,2.0893345,6.468960299999999,10.3,67.200005,79,39,26,20,4,16,8,3,1,0,0,1,0,0,0,0,197,-3.1910784,55.944036499999996,142.0,11.0,13:18:54.533000,41,4
195,994,1512739149371,1.7800575,2.9010453,3.7613232000000005,4.0,49.600002,104,46,43,32,10,7,4,3,1,0,0,0,0,0,0,0,250,-3.1915367999999997,55.9417373,121.0,9.0,13:19:09.371000,5,3
196,842,1512652751777,2.1629975,3.8981204,6.4925957,11.2,48.100002,112,71,50,52,20,23,10,2,1,0,1,0,0,0,0,0,342,-3.1844636000000004,55.9401193,129.0,7.0,13:19:11.777000,60,1
197,354,1512479953966,1.2578536,2.2341247,6.7728543000000005,10.400001,66.700005,95,40,28,14,14,17,7,2,2,0,0,1,0,0,0,0,220,-3.1904747,55.944122,140.0,9.0,13:19:13.966000,52,4
198,995,1512739170702,1.9594395,3.2075384,5.5810976,3.8,49.7,118,62,45,33,9,15,7,1,1,0,1,0,0,0,0,0,292,-3.1915495,55.9420476,126.0,11.0,13:19:30.702000,5,3
199,843,1512652771863,2.2811623,4.3639894,5.5345383,10.900001,48.7,102,80,67,54,20,28,20,2,1,0,0,0,0,0,0,0,374,-3.1849404999999997,55.9399839,134.0,6.0,13:19:31.863000,60,1
200,355,1512479974643,1.1826121,2.0350747,3.4093193999999998,10.5,66.4,86,35,27,20,2,20,5,0,1,1,0,0,0,0,0,0,197,-3.1899232000000004,55.9442213,141.0,9.0,13:19:34.643000,61,4
201,844,1512652791982,2.500514,4.6097150000000005,8.334234,10.6,49.100002,145,61,77,46,19,30,14,4,1,1,1,0,0,0,0,0,399,-3.1855377999999996,55.9398887,130.0,6.0,13:19:51.982000,12,1
202,996,1512739192841,1.9277313999999999,3.1244077999999997,3.7995483999999995,3.7,51.3,90,58,58,26,13,6,6,1,1,0,0,0,0,0,0,0,259,-3.1915176,55.9423926,131.0,9.0,13:19:52.841000,62,3
203,356,1512479995513,1.103646,2.0684488,3.2502284,10.6,66.1,64,32,36,19,14,13,9,1,0,1,0,0,0,0,0,0,189,-3.1894452,55.9443071,144.0,5.0,13:19:55.513000,27,1
204,845,1512652812764,2.239075,3.7629557,16.447214000000002,10.6,49.5,112,73,60,34,18,19,6,1,1,1,0,0,2,0,0,0,327,-3.1859624,55.93981949999999,133.0,4.0,13:20:12.764000,69,3
205,357,1512480015609,1.1312687,2.1074584,2.6298277000000003,10.6,66.1,73,35,23,22,11,15,9,2,0,0,0,0,0,0,0,0,190,-3.1890457000000003,55.9443553,138.0,4.0,13:20:15.609000,27,1
206,997,1512739217495,1.701601,2.9206767000000005,4.483300700000001,3.6000001000000004,50.7,104,60,34,43,12,14,8,1,1,1,0,0,0,0,0,0,278,-3.1919824,55.942558,127.0,6.0,13:20:17.495000,34,3
207,846,1512652832851,2.2171412,3.8889523,5.33066,10.5,49.3,111,77,52,52,19,21,9,2,0,1,0,0,0,0,0,0,344,-3.186552,55.9397678,136.0,5.0,13:20:32.851000,47,3
208,358,1512480035632,1.281981,2.4103003,4.7830777,10.7,66.0,93,33,33,32,12,20,7,3,1,0,1,0,0,0,0,0,235,-3.188606,55.94444839999999,138.0,8.0,13:20:35.632000,16,1
209,998,1512739238166,1.8862728,3.2863214,17.1378,3.7,51.0,103,62,43,50,7,19,5,3,2,0,1,0,0,2,0,0,297,-3.1924189999999997,55.9425827,131.0,8.0,13:20:38.166000,34,3
210,847,1512652852883,2.284769,4.0792584000000005,4.8866754,9.7,51.0,120,70,47,44,12,21,16,2,0,0,0,0,0,0,0,0,332,-3.1871557,55.939730700000005,139.0,7.0,13:20:52.883000,21,1
211,359,1512480057133,1.0937678999999998,1.8824748,6.618000500000001,10.7,66.0,74,33,27,26,9,11,4,0,1,1,0,1,0,0,0,0,187,-3.1877565,55.9444904,139.0,7.0,13:20:57.133000,40,1
212,999,1512739259576,1.9964306,3.13718,3.4374943,4.0,50.100002,109,57,46,29,13,9,4,1,0,0,0,0,0,0,0,0,268,-3.1928877,55.9426775,122.0,6.0,13:20:59.576000,76,3
213,848,1512652872985,2.2584944,4.016108999999999,5.809744,9.1,52.9,100,70,61,48,19,22,7,2,1,1,0,0,0,0,0,0,331,-3.1875753,55.9397543,132.0,8.0,13:21:12.985000,21,1
214,360,1512480076589,1.1029927,2.184298,8.683869999999999,10.7,65.6,77,31,24,21,13,18,10,2,2,0,0,0,1,0,0,0,199,-3.1874938999999998,55.944593299999994,145.0,8.0,13:21:16.589000,40,1
215,1000,1512739279687,1.9785068,3.3287516000000004,5.120874,4.3,49.600002,105,71,45,31,12,17,3,7,0,1,0,0,0,0,0,0,292,-3.1933626,55.94268029999999,120.0,6.0,13:21:19.687000,15,3
216,849,1512652893854,2.2660956000000003,4.298102,5.339268,9.2,53.8,110,75,52,44,18,32,16,4,0,0,0,0,0,0,0,0,351,-3.1881568,55.9397142,135.0,7.0,13:21:33.854000,3,1
217,361,1512480097347,1.2122167,2.0579963,2.8643084,10.8,65.700005,86,35,26,26,12,13,3,0,2,0,0,0,0,0,0,0,203,-3.1868722000000003,55.944644200000006,140.0,11.0,13:21:37.347000,70,1
218,1001,1512739300528,1.7229244,2.9986157,4.1900144,4.6,48.8,99,41,41,36,9,15,5,2,2,0,0,0,0,0,0,0,250,-3.1939472999999996,55.9426323,121.0,6.0,13:21:40.528000,71,3
219,850,1512652913302,2.1942322,4.0488843999999995,5.155308,9.1,53.7,122,67,57,37,22,26,16,2,1,0,0,0,0,0,0,0,350,-3.1885383,55.9397351,134.0,7.0,13:21:53.302000,78,1
220,362,1512480117462,1.0820163,2.1288598,3.5771275,10.8,65.700005,74,34,18,30,13,18,8,3,0,1,0,0,0,0,0,0,199,-3.1864132,55.9446735,137.0,8.0,13:21:57.462000,1,3
221,1002,1512739322593,2.2164884,3.541663,3.9346106,4.9,47.5,111,65,65,26,13,15,3,2,0,0,0,0,0,0,0,0,300,-3.1945579,55.942532299999996,123.0,12.0,13:22:02.593000,28,1
222,851,1512652934624,2.1768205000000003,4.374403,7.509167,8.6,55.100002,97,64,62,52,32,29,14,6,1,0,1,0,0,0,0,0,358,-3.18909,55.9397879,143.0,12.0,13:22:14.624000,66,1
223,508,1512566535788,2.0728273,3.3859894,8.144426,,,147,80,62,55,11,17,5,4,0,1,0,0,0,0,0,1,383,-3.1838043,55.94521629999999,147.3000030517578,19.629,13:22:15.788000,53,2
224,363,1512480138236,1.307338,2.20835,2.9398222,10.8,65.4,101,26,38,20,8,10,6,2,1,0,0,0,0,0,0,0,212,-3.1862002,55.944539,133.0,4.0,13:22:18.236000,1,3
225,1003,1512739345217,2.0507009999999997,3.4866207,4.736241000000001,5.1,46.5,134,64,63,33,15,12,12,3,2,0,0,0,0,0,0,0,338,-3.1950024,55.9425532,121.0,8.0,13:22:25.217000,28,1
226,852,1512652955488,2.5784712000000005,4.7445617,6.316446,8.6,55.7,132,78,67,46,28,27,15,3,2,0,0,0,0,0,0,0,398,-3.1896473999999997,55.93977170000001,144.0,7.0,13:22:35.488000,33,4
227,509,1512566556524,2.012228,3.3883855000000005,5.854094,22.6,50.7,139,67,70,35,14,16,9,2,2,2,0,0,0,0,0,0,356,-3.1838054000000002,55.94521410000001,147.3000030517578,16.817,13:22:36.524000,53,2
228,364,1512480158995,0.97364426,1.7236787,3.8663487,10.6,65.700005,76,24,24,18,3,10,4,2,3,1,0,0,0,0,0,0,165,-3.1859787999999996,55.94448520000001,135.0,14.0,13:22:38.995000,1,3
229,1004,1512739366708,2.1208408,3.2517338,3.5648735,5.5,46.5,107,69,54,22,8,9,5,1,0,0,0,0,0,0,0,0,275,-3.1956873,55.9424103,126.0,4.0,13:22:46.708000,50,3
230,853,1512652974286,2.07118,3.5592493999999997,3.9001446000000004,8.7,55.600002,96,65,61,50,23,15,5,1,0,0,0,0,0,0,0,0,316,-3.1901231,55.9398003,140.0,7.0,13:22:54.286000,64,1
231,510,1512566575345,1.6568047,3.0975757,16.29975,22.7,50.5,134,59,48,31,11,14,14,7,7,2,0,0,2,0,0,0,329,-3.1838083999999998,55.945208900000004,0.0,16.271,13:22:55.345000,53,2
232,365,1512480179103,1.1459357,2.1563907,2.9863517,10.3,66.9,80,31,27,18,12,11,13,1,1,0,0,0,0,0,0,0,194,-3.1862237999999996,55.944246,146.0,9.0,13:22:59.103000,1,3
233,1005,1512739388119,1.9092377,3.0621934,7.146675999999999,5.8,45.2,126,51,46,34,8,13,6,1,0,0,0,1,0,0,0,0,286,-3.1961156,55.9424471,123.0,9.0,13:23:08.119000,7,1
234,854,1512652994393,2.5549743,4.433159,5.2254033,8.8,55.2,126,83,73,50,27,25,8,1,1,0,0,0,0,0,0,0,394,-3.1907122,55.93989789999999,136.0,6.0,13:23:14.393000,11,1
235,511,1512566596792,2.1454165,3.6047525,12.365564,22.800001,51.100002,153,80,66,40,10,9,14,6,2,0,2,0,0,1,0,0,383,-3.1838075,55.945192299999995,147.5,16.682000000000002,13:23:16.792000,53,2
236,366,1512480199840,1.0988542,1.9676005,2.4860554,10.400001,67.0,79,30,24,25,9,12,6,3,0,0,0,0,0,0,0,0,188,-3.1859827999999997,55.9444239,131.0,11.0,13:23:19.840000,1,3
237,1006,1512739412026,1.9191697,3.2105386,7.091315,6.1,43.9,122,58,49,37,11,7,10,3,0,2,1,0,0,0,0,0,300,-3.1967717,55.942389799999994,117.0,6.0,13:23:32.026000,7,1
238,512,1512566615534,2.9604585,4.8317604,96.23143,22.9,51.0,231,106,81,66,16,25,4,3,3,5,3,7,7,2,3,2,564,-3.1840891,55.9453067,146.0,12.0,13:23:35.534000,53,2
239,855,1512653015818,2.3867507000000003,4.095778500000001,6.0252857,8.5,56.3,116,82,55,49,21,19,5,4,1,1,0,0,0,0,0,0,353,-3.1911384,55.94002389999999,143.0,10.0,13:23:35.818000,19,1
240,367,1512480219972,1.1834781,1.9809504,2.7129272999999996,10.400001,66.9,91,40,17,25,12,7,6,2,1,0,0,0,0,0,0,0,201,-3.1853086,55.944671299999996,132.0,8.0,13:23:39.972000,65,4
241,1007,1512739432140,2.0260398,3.3721167999999997,4.6854033,6.3,43.3,123,57,44,30,11,15,6,3,2,0,0,0,0,0,0,0,291,-3.1972162999999996,55.942347,125.0,8.0,13:23:52.140000,30,1
242,856,1512653035263,2.1899254,3.9724864999999996,4.6281075,8.1,56.8,141,50,57,44,26,26,11,2,0,0,0,0,0,0,0,0,357,-3.1915109,55.9401189,129.0,7.0,13:23:55.263000,19,1
243,513,1512566635678,3.1758096,4.9428988,5.287397400000001,23.0,48.100002,230,114,90,74,18,21,6,1,0,0,0,0,0,0,0,0,554,-3.1844894,55.9450882,0.0,319.883,13:23:55.678000,9,2
244,368,1512480240630,1.9940729,3.176427,7.2005476999999996,10.5,66.700005,164,70,38,18,12,16,13,2,0,0,0,1,0,0,0,0,334,-3.1849743999999998,55.94487579999999,128.0,8.0,13:24:00.630000,45,2
245,1008,1512739454942,2.1238372,3.363631,3.7181559999999996,6.4,43.3,144,66,56,27,20,12,7,1,0,0,0,0,0,0,0,0,333,-3.1976696,55.9423629,125.0,7.0,13:24:14.942000,30,1
246,514,1512566655748,3.2699342000000002,5.0452094,5.373566,23.0,45.7,223,126,105,79,18,13,7,1,0,0,0,0,0,0,0,0,572,-3.1838732000000003,55.9452853,0.0,21.416,13:24:15.748000,53,2
247,857,1512653056041,2.2842321,3.5854378,5.052264,7.8,57.8,112,86,48,47,14,12,1,1,1,1,0,0,0,0,0,0,323,-3.1915658,55.940332299999994,135.0,9.0,13:24:16.041000,54,3
248,369,1512480260848,1.6076958000000001,2.5911367000000003,5.412404,10.5,66.4,145,47,29,21,10,14,7,1,3,0,1,0,0,0,0,0,278,-3.1847112999999996,55.94502979999999,130.0,6.0,13:24:20.848000,45,2
250,858,1512653076135,2.1920505,3.9907352999999994,5.102414,7.4,59.5,95,58,64,49,12,25,6,4,1,0,0,0,0,0,0,0,314,-3.1915686,55.94059920000001,129.0,8.0,13:24:36.135000,54,3
251,1009,1512739478942,2.2735276,3.6002273999999996,5.6326675,6.5,43.2,158,70,66,39,14,13,4,3,0,2,0,0,0,0,0,0,369,-3.1983853,55.94230820000001,120.0,4.0,13:24:38.942000,75,1
252,370,1512480280856,1.4898726,2.5157995,26.096935000000002,10.6,66.3,144,41,28,22,13,9,8,4,3,1,0,5,0,0,1,0,279,-3.1843711,55.945196200000005,133.0,7.0,13:24:40.856000,9,2
253,516,1512566695310,3.3860343,5.5214114,10.295883,22.6,40.7,249,122,95,79,23,27,10,2,4,0,0,1,0,0,0,0,612,-3.183964,55.945098,131.0,6.0,13:24:55.310000,53,2
254,859,1512653096897,1.9261724999999998,3.4388727999999995,3.7322309999999996,6.9,61.2,72,41,43,43,16,14,5,0,0,0,0,0,0,0,0,0,234,-3.1915536,55.9409551,135.0,5.0,13:24:56.897000,31,3
255,371,1512480300969,2.3651812000000003,3.507174,5.074935400000001,10.6,65.9,267,51,34,25,4,14,10,3,3,0,0,0,0,0,0,0,411,-3.1843532000000003,55.945182200000005,131.0,6.0,13:25:00.969000,9,2
256,1010,1512739502308,2.3733802,3.8586921999999997,4.6821904000000005,6.7000003,42.600002,145,66,67,42,8,14,5,6,0,0,0,0,0,0,0,0,353,-3.1990625,55.942193200000006,120.0,4.0,13:25:02.308000,14,4
257,517,1512566715495,2.8335316,4.6020655999999995,7.0272646,22.300001,40.5,185,99,85,63,27,16,6,1,2,2,0,0,0,0,0,0,486,-3.1840417999999997,55.9449353,131.0,7.0,13:25:15.495000,9,2
258,860,1512653116353,2.5447717,4.4103227,4.8686370000000005,6.9,61.7,99,75,54,34,20,24,9,0,0,0,0,0,0,0,0,0,315,-3.1915335,55.941305799999995,138.0,6.0,13:25:16.353000,59,3
259,1011,1512739526952,2.427959,3.9398217000000004,4.89507,6.9,42.0,199,80,70,48,12,11,16,3,1,0,0,0,0,0,0,0,440,-3.1996833,55.9421613,120.0,5.0,13:25:26.952000,58,4
260,518,1512566736288,2.851436,4.9093075,16.434166,21.9,41.100002,140,92,94,74,18,20,7,3,3,0,1,1,0,1,0,0,454,-3.1838252999999996,55.94465,134.0,9.0,13:25:36.288000,72,2
261,861,1512653137782,1.8751103999999998,3.159161,3.7623065,6.6,62.9,96,57,40,38,10,20,4,0,1,0,0,0,0,0,0,0,266,-3.1915728,55.9415548,134.0,4.0,13:25:37.782000,59,3
262,372,1512480344433,1.3971784999999999,2.4443407,9.030489,,,106,45,27,27,12,12,10,3,0,1,0,0,1,0,0,0,244,-3.1840213,55.945159,127.0,3.9,13:25:44.433000,53,2
263,1012,1512739548361,2.4969525000000004,4.115423000000001,8.34605,7.0,41.600002,167,70,50,50,13,16,11,1,1,0,2,0,0,0,0,0,381,-3.2002083,55.9421338,118.0,7.0,13:25:48.361000,22,4
264,519,1512566755718,3.0182697999999997,5.436929,15.058735999999998,21.5,41.8,147,89,108,70,24,30,11,5,2,0,2,0,0,1,0,0,489,-3.1835881,55.9443534,135.0,6.0,13:25:55.718000,23,2
265,862,1512653157139,1.830777,3.2105505,3.7919235000000002,6.4,63.100002,71,57,47,35,17,13,5,3,0,0,0,0,0,0,0,0,248,-3.1915388,55.941849899999994,138.0,8.0,13:25:57.139000,5,3
266,1013,1512739569104,2.8978372,4.917311,7.6682844,7.0,41.5,204,83,69,46,19,26,8,9,2,1,0,0,0,0,0,0,467,-3.2006127999999996,55.94221329999999,121.0,7.0,13:26:09.104000,22,4
267,520,1512566775748,2.967954,5.356628,7.7638836,21.0,42.4,171,95,73,79,27,23,19,3,2,1,0,0,0,0,0,0,493,-3.1834052,55.94403829999999,144.0,6.0,13:26:15.748000,23,2
268,863,1512653177900,2.2377314999999998,3.8509892999999997,4.2421594,6.4,64.0,75,71,61,43,14,19,5,1,0,0,0,0,0,0,0,0,289,-3.1915134,55.9421034,134.0,9.0,13:26:17.900000,5,3
269,1014,1512739591178,2.731673,4.508607,7.025704400000001,7.0,41.2,162,90,65,40,21,17,10,5,0,0,1,0,0,0,0,0,411,-3.2009857000000004,55.942513899999994,122.0,7.0,13:26:31.178000,56,1
270,521,1512566795911,3.2589931,5.388253,6.007429599999999,20.300001,43.7,211,106,83,77,22,27,11,2,0,0,0,0,0,0,0,0,539,-3.1836082,55.9437019,139.0,9.0,13:26:35.911000,55,1
271,864,1512653198742,2.283327,3.9329998,4.403630000000001,6.4,64.200005,98,59,54,53,13,20,3,2,0,0,0,0,0,0,0,0,302,-3.1914876,55.94243170000001,132.0,6.0,13:26:38.742000,62,3
272,373,1512480407360,2.1833866000000004,3.4728065000000004,5.114793,10.1,67.8,187,72,43,40,12,17,8,3,1,1,0,0,0,0,0,0,384,-3.1838879,55.9452456,134.0,15.0,13:26:47.360000,53,2
273,1015,1512739614510,2.7796695,4.305414,5.5333185,7.0,41.100002,190,88,66,38,17,17,7,1,0,1,0,0,0,0,0,0,425,-3.2014403,55.942787,124.0,8.0,13:26:54.510000,2,2
274,522,1512566815972,2.3793678,4.408631,10.413289,19.9,44.600002,127,80,66,51,29,27,17,3,0,0,0,0,1,0,0,0,401,-3.1834881,55.943391500000004,143.0,7.0,13:26:55.972000,55,1
275,865,1512653219504,2.6044805,4.65714,7.3309307,6.3,64.9,111,84,65,49,21,22,12,3,0,2,0,0,0,0,0,0,369,-3.1918482999999997,55.9425967,135.0,7.0,13:26:59.504000,62,3
276,374,1512480428773,1.480456,2.4585195,4.4888735,10.400001,67.200005,134,41,37,23,9,14,6,2,3,1,0,0,0,0,0,0,270,-3.1838887000000002,55.9452461,133.0,49.0,13:27:08.773000,53,2
277,523,1512566836088,2.7453055,4.788433,5.2836932999999995,18.5,47.0,130,89,91,61,31,24,10,1,0,0,0,0,0,0,0,0,437,-3.1833598,55.9431441,132.0,6.0,13:27:16.088000,4,4
278,1016,1512739639836,2.4411771,4.086291,7.586611,6.9,41.2,194,89,59,48,14,19,15,4,2,1,1,0,0,0,0,0,446,-3.2017743,55.9430746,123.0,3.9,13:27:19.836000,39,4
279,866,1512653242229,2.5674943999999997,4.560563,6.909673700000001,6.3,64.8,111,83,72,43,31,21,10,0,3,1,0,0,0,0,0,0,375,-3.1924214,55.9426056,138.0,7.0,13:27:22.229000,34,3
280,375,1512480449531,1.5960695,2.5842588,3.1753662,10.6,67.9,137,49,37,22,10,16,9,0,1,0,0,0,0,0,0,0,281,-3.1838895000000003,55.945246700000006,132.0,26.0,13:27:29.531000,53,2
281,524,1512566856922,2.7482214,4.6973705,5.5086645999999995,16.0,53.4,176,91,67,69,17,35,9,1,1,0,0,0,0,0,0,0,466,-3.1830342999999997,55.942866099999996,129.0,7.0,13:27:36.922000,4,4
282,867,1512653262889,2.3036997,4.0726438,4.7810235,6.3,65.5,91,81,70,39,26,16,11,3,0,0,0,0,0,0,0,0,337,-3.1928872000000004,55.9426708,130.0,7.0,13:27:42.889000,76,3
283,1017,1512739663183,2.2046723,3.6012682999999996,4.367202,6.7000003,41.100002,167,57,47,37,23,13,9,1,1,0,0,0,0,0,0,0,355,-3.2020976,55.9433049,120.0,7.0,13:27:43.183000,39,4
284,376,1512480470291,1.5813693000000002,2.5757666,13.33516,10.8,68.200005,123,61,33,24,14,11,8,2,1,1,0,0,1,0,1,0,280,-3.1838912999999995,55.9452463,131.0,9.0,13:27:50.291000,53,2
285,525,1512566876302,3.414707,5.753852999999999,6.4438825,14.400001000000001,58.9,236,117,80,79,28,41,12,2,0,0,0,0,0,0,0,0,595,-3.1826727000000004,55.9425855,132.0,7.0,13:27:56.302000,38,4
286,868,1512653282993,2.3761568,4.183082,4.887674,6.4,64.5,106,74,62,60,19,22,5,4,0,0,0,0,0,0,0,0,352,-3.1935531000000004,55.94263879999999,133.0,7.0,13:28:02.993000,15,3
287,1018,1512739687200,2.5312957999999997,4.3878307,5.439164599999999,6.7000003,41.4,175,68,68,56,19,15,15,6,0,0,0,0,0,0,0,0,422,-3.2025472,55.943522800000004,121.0,8.0,13:28:07.200000,63,1
288,377,1512480491049,1.2283877,2.2513938,5.6346774,11.0,68.6,89,40,34,18,14,16,6,3,2,3,0,0,0,0,0,0,225,-3.1838929,55.945246,131.0,49.0,13:28:11.049000,53,2
290,869,1512653305149,2.463093,4.437673,5.728638,6.5,63.4,102,76,72,48,21,27,8,2,2,0,0,0,0,0,0,0,358,-3.1939519,55.942648600000005,137.0,9.0,13:28:25.149000,71,3
291,1019,1512739707951,2.2158055,3.628472,4.1142224999999994,6.6,41.600002,169,58,47,38,19,15,11,1,0,0,0,0,0,0,0,0,358,-3.2029653,55.943714,125.0,10.0,13:28:27.951000,37,4
292,378,1512480511811,1.3552556999999998,2.3584979,4.4900355,11.2,74.1,111,38,36,21,6,14,10,3,0,2,0,0,0,0,0,0,241,-3.183893,55.945246,131.0,52.0,13:28:31.811000,53,2
293,527,1512566917249,2.6125712000000005,4.9787374,7.395285,14.400001000000001,59.600002,158,69,91,73,30,43,17,1,1,0,1,0,0,0,0,0,484,-3.1820801,55.9421228,130.0,3.9,13:28:37.249000,57,0
294,870,1512653325918,2.6692677000000002,4.5951567,5.438343499999999,6.6,63.100002,131,75,68,46,21,27,7,1,1,0,0,0,0,0,0,0,377,-3.1947144,55.9425395,139.0,7.0,13:28:45.918000,28,1
295,1020,1512739731304,2.2385712000000004,3.8220315,7.900864,6.5,42.0,158,72,55,37,19,15,10,5,3,1,1,0,0,0,0,0,376,-3.2031609,55.943695999999996,120.0,16.0,13:28:51.304000,37,4
296,379,1512480532569,1.2688371999999999,2.6550493,9.816556,11.5,75.4,100,41,31,25,13,23,14,8,2,3,0,1,0,0,0,0,261,-3.1838928,55.94524570000001,131.0,29.0,13:28:52.569000,53,2
297,528,1512566937364,3.1453304,5.6135316,7.527314,14.6,58.7,187,110,81,64,42,36,15,1,4,0,0,0,0,0,0,0,540,-3.1818188999999997,55.9418707,128.0,9.0,13:28:57.364000,18,0
298,871,1512653345380,2.4478965,4.499754,5.7474627,6.6,63.4,142,59,59,51,25,22,15,3,1,0,0,0,0,0,0,0,377,-3.1952187000000003,55.942508999999994,138.0,10.0,13:29:05.380000,28,1
299,1021,1512739752720,2.3352299,3.7562727999999996,4.206763700000001,6.4,42.3,142,77,58,36,12,15,10,1,0,0,0,0,0,0,0,0,351,-3.2026225,55.9442865,122.0,8.0,13:29:12.720000,17,2
300,529,1512566956852,4.523479,7.289633800000001,9.246602000000001,14.6,59.600002,361,131,112,101,20,35,17,3,1,1,0,0,0,0,0,0,782,-3.1815676,55.941681200000005,132.0,7.0,13:29:16.852000,18,0
301,872,1512653366143,2.3601706,4.0407720000000005,5.597483,6.6,63.8,119,76,59,37,20,21,6,2,3,0,0,0,0,0,0,0,343,-3.1958330000000004,55.942497700000004,142.0,9.0,13:29:26.143000,50,3
302,1022,1512739773479,1.9426477,3.17863,5.359652,6.4,42.4,110,61,46,34,13,13,4,2,0,2,0,0,0,0,0,0,285,-3.2021785,55.9444635,132.0,10.0,13:29:33.479000,73,4
303,530,1512566976944,4.4605083,6.824313,7.726450999999999,14.7,59.4,406,111,95,74,28,29,13,1,1,0,0,0,0,0,0,0,758,-3.1813502000000002,55.941442,133.0,12.0,13:29:36.944000,18,0
304,873,1512653385592,2.620313,4.4975575999999995,6.2892733,6.8,62.5,122,93,66,37,23,22,7,4,3,0,0,0,0,0,0,0,377,-3.1963373,55.942443700000005,144.0,7.0,13:29:45.592000,7,1
305,1023,1512739794238,2.777759,4.8149614000000005,8.857937,6.4,42.5,173,89,67,43,14,22,16,7,1,1,1,0,0,0,0,0,434,-3.2016068,55.94454720000001,134.0,10.0,13:29:54.238000,24,4
306,531,1512566998346,2.772869,4.923881,6.374755400000001,14.7,59.4,172,85,75,78,28,31,12,2,0,1,0,0,0,0,0,0,484,-3.1810218999999997,55.941137399999995,130.0,12.0,13:29:58.346000,25,2
307,874,1512653406368,2.6288679,4.608122,5.492113,6.9,61.8,120,87,56,57,20,22,13,0,1,0,0,0,0,0,0,0,376,-3.196811,55.942400199999994,134.0,7.0,13:30:06.368000,7,1
308,1024,1512739815630,3.1677287,5.605631400000001,10.066522,6.4,42.5,203,101,73,45,22,23,23,8,1,3,0,0,0,0,0,0,502,-3.2011220000000002,55.9446334,130.0,9.0,13:30:15.630000,74,2
309,532,1512567017808,3.5357873,6.2788395999999995,8.327105,14.5,60.100002,224,116,101,74,39,40,20,3,1,1,0,0,0,0,0,0,619,-3.1811071,55.940866500000006,135.0,9.0,13:30:17.808000,25,2
310,875,1512653427122,2.6066842,4.4350643,11.105795,7.1,61.3,114,84,69,46,18,14,12,1,1,0,0,0,1,0,0,0,360,-3.1972412,55.942372,137.0,6.0,13:30:27.122000,30,1
311,1025,1512739837700,4.396235,9.190188000000001,30.741490999999996,6.5,42.600002,239,136,115,74,55,64,44,15,10,3,0,2,1,0,0,0,758,-3.2004907000000005,55.9447915,140.0,7.0,13:30:37.700000,36,2
312,533,1512567039908,2.4211400000000003,4.521921599999999,5.3178997,14.5,59.7,132,78,80,58,23,40,14,3,0,0,0,0,0,0,0,0,428,-3.1816321,55.940788600000005,133.0,10.0,13:30:39.908000,44,1
313,876,1512653446491,2.580641,4.3405666,5.9439144,7.2000003,60.600002,111,90,61,51,22,16,3,3,3,0,0,0,0,0,0,0,360,-3.1976554,55.9423688,140.0,6.0,13:30:46.491000,30,1
314,534,1512567058708,2.6590533,4.8774242,5.5483804,14.6,59.3,124,98,83,67,34,37,12,2,0,0,0,0,0,0,0,0,457,-3.1820892999999995,55.940644999999996,145.0,6.0,13:30:58.708000,44,1
315,1026,1512739859107,3.1755723999999996,6.3172073,13.748885000000001,6.5,42.8,152,97,84,55,20,29,30,11,5,2,1,0,0,0,0,0,486,-3.2000484,55.9447525,143.0,5.0,13:30:59.107000,36,2
316,877,1512653466682,3.9587144999999997,6.1313124000000006,7.1150839999999995,7.3,60.0,237,120,90,51,17,20,10,2,1,0,0,0,0,0,0,0,548,-3.1982057,55.9423405,132.0,4.0,13:31:06.682000,51,4
318,535,1512567079480,2.2142096000000002,4.268669999999999,8.607909,14.6,59.100002,94,72,83,63,29,26,11,5,2,0,2,0,0,0,0,0,387,-3.1826978,55.9404889,146.0,8.0,13:31:19.480000,8,1
319,878,1512653487442,2.386228,4.077147,11.328796,7.4,59.8,126,65,58,52,12,17,10,1,0,1,0,0,1,0,0,0,343,-3.1985857999999996,55.94230110000001,137.0,6.0,13:31:27.442000,75,1
320,536,1512567098303,2.5353355,4.850949,6.5665326,14.5,59.600002,128,69,68,78,33,28,14,3,0,1,0,0,0,0,0,0,422,-3.1830062000000003,55.940432200000004,138.0,6.0,13:31:38.303000,8,1
322,879,1512653508215,2.7205757999999998,4.6503553,6.1511736,7.6,59.3,126,86,63,53,18,20,11,1,0,1,0,0,0,0,0,0,379,-3.1990551,55.942258499999994,129.0,6.0,13:31:48.215000,14,4
323,537,1512567119056,2.731975,5.3661585,7.145623,14.1,61.3,117,88,81,73,36,38,19,1,3,0,0,0,0,0,0,0,456,-3.1833841,55.940390799999996,142.0,13.0,13:31:59.056000,29,3
324,1029,1512739922040,4.729871,7.214372,10.603453,6.6,43.2,396,161,85,43,32,25,19,5,2,2,0,0,0,0,0,0,770,-3.198259,55.945018000000005,145.0,7.0,13:32:02.040000,26,2
325,880,1512653529617,3.9080448,6.082033999999999,7.8008809999999995,7.7000003,59.2,269,123,77,57,19,25,10,4,0,1,0,0,0,0,0,0,585,-3.1993666000000003,55.9422842,138.0,6.0,13:32:09.617000,14,4
326,538,1512567139169,2.8457425,5.338208,6.6415809999999995,14.0,62.2,129,88,92,78,29,36,12,5,1,0,0,0,0,0,0,0,470,-3.1837886,55.94030550000001,144.0,9.0,13:32:19.169000,43,3
327,1030,1512739944095,3.5904078,5.7794422999999995,9.057245,6.6,42.9,288,120,75,46,27,28,12,5,5,1,0,0,0,0,0,0,607,-3.1978662,55.94492710000001,139.0,5.0,13:32:24.095000,48,2
328,881,1512653548982,2.4499228,4.0733023,5.501498000000001,7.8,58.600002,164,85,54,41,26,17,12,2,0,1,0,0,0,0,0,0,402,-3.1997441,55.94219720000001,134.0,7.0,13:32:28.982000,58,4
329,539,1512567159282,2.556316,4.838213,6.7661414,13.900001000000001,62.0,132,78,83,74,28,31,16,3,1,1,0,0,0,0,0,0,447,-3.1841949,55.940160999999996,127.0,7.0,13:32:39.282000,43,3
330,1031,1512739964806,2.949294,4.646130599999999,6.621106599999999,6.7000003,42.9,228,87,56,38,20,18,8,3,4,0,0,0,0,0,0,0,462,-3.1973689999999997,55.9448366,141.0,3.9,13:32:44.806000,48,2
331,882,1512653569833,2.8030612,4.9159474,6.1906548,7.8,58.600002,164,93,82,53,24,20,19,4,1,0,0,0,0,0,0,0,460,-3.1998632999999996,55.942184999999995,132.0,7.0,13:32:49.833000,58,4
332,540,1512567179382,2.7866645,5.268082,6.004948000000001,14.0,61.2,135,80,103,76,34,42,14,2,0,0,0,0,0,0,0,0,486,-3.1846219,55.940023200000006,130.0,7.0,13:32:59.382000,60,1
333,1032,1512739986271,3.1079779999999997,4.981343,7.0609326,6.7000003,42.5,230,84,61,34,18,20,14,3,1,1,0,0,0,0,0,0,466,-3.196644,55.944852600000004,138.0,9.0,13:33:06.271000,13,4
334,883,1512653590584,2.9204307000000003,4.977769,5.9411206,7.9,58.4,149,96,87,59,19,30,7,3,1,0,0,0,0,0,0,0,451,-3.1999543999999998,55.942213100000004,133.0,8.0,13:33:10.584000,58,4
335,541,1512567200154,2.764887,5.1253805,6.688811299999999,14.0,60.9,124,97,82,65,20,39,13,4,2,0,0,0,0,0,0,0,446,-3.1850505,55.9399735,128.0,8.0,13:33:20.154000,60,1
336,1033,1512740007674,2.6610303,4.0835752,5.899566,6.7000003,42.2,205,95,50,36,12,15,8,4,1,1,0,0,0,0,0,0,427,-3.1960855,55.944875,143.0,4.0,13:33:27.674000,68,1
337,884,1512653611354,2.639351,4.357499,5.975478,8.1,58.2,138,93,69,51,17,24,4,2,1,1,0,0,0,0,0,0,400,-3.2000657,55.9422147,135.0,6.0,13:33:31.354000,58,4
338,542,1512567219619,2.5406303,4.9216690000000005,7.1809974,14.1,61.3,118,69,83,76,26,29,12,5,4,0,0,0,0,0,0,0,422,-3.1855696,55.93986460000001,125.0,7.0,13:33:39.619000,12,1
339,1034,1512740031025,2.516648,3.890997,11.399488999999999,6.7000003,42.4,190,81,76,35,14,11,6,2,2,1,1,0,0,0,1,0,420,-3.1954789,55.945008400000006,139.0,6.0,13:33:51.025000,20,4
340,885,1512653631468,3.8006665999999996,6.0285892,7.324033,8.1,57.3,200,120,105,64,18,25,6,1,0,1,0,0,0,0,0,0,540,-3.2003601,55.94213249999999,134.0,9.0,13:33:51.468000,22,4
341,543,1512567240301,2.7774053,5.173604,7.1069417,14.1,61.0,118,103,78,74,36,27,17,2,1,1,0,0,0,0,0,0,457,-3.1860218,55.9398134,130.0,7.0,13:34:00.301000,69,3
342,886,1512653652890,3.4141227999999995,5.625655,6.783892599999999,8.2,57.100002,167,119,92,58,20,29,8,1,2,0,0,0,0,0,0,0,496,-3.2003792,55.942109499999994,129.0,5.0,13:34:12.890000,22,4
343,1035,1512740053732,2.6853312999999996,4.1836367,7.339670699999999,6.6,42.600002,212,98,56,40,20,20,5,3,1,3,0,0,0,0,0,0,458,-3.1950194,55.9448909,140.0,6.0,13:34:13.732000,42,0
344,544,1512567261134,2.9161468,5.6127386,9.216699,14.2,61.3,119,88,84,62,30,39,13,5,2,2,0,0,0,0,0,0,444,-3.1865438,55.93973570000001,127.0,9.0,13:34:21.134000,47,3
345,887,1512653672906,3.5027862,5.741221,7.7824800000000005,8.3,57.0,162,115,97,79,24,14,6,2,2,1,0,0,0,0,0,0,502,-3.2005164,55.9421968,126.0,6.0,13:34:32.906000,22,4
346,1036,1512740075700,2.3480133999999997,3.5801877999999996,9.454967,6.6,42.8,172,86,51,27,12,16,6,2,1,0,0,0,0,1,0,0,374,-3.1943069,55.9449568,142.0,6.0,13:34:35.700000,67,2
347,545,1512567280599,2.4128025,4.2901826,7.4925704,13.8,62.5,112,86,66,61,22,18,14,0,1,1,1,0,0,0,0,0,382,-3.1870475,55.9396767,128.0,6.0,13:34:40.599000,21,1
348,888,1512653692443,3.2877662000000005,5.760934,12.822175,8.400001,56.600002,148,104,96,72,27,26,11,3,0,3,0,1,0,0,0,0,491,-3.2007306,55.9423068,129.0,5.0,13:34:52.443000,56,1
349,1037,1512740099782,3.2658567,6.325137000000001,14.539304999999999,6.6,42.600002,223,101,83,66,29,30,31,14,4,4,1,0,0,0,0,0,586,-3.1938822,55.94500970000001,140.0,5.0,13:34:59.782000,49,2
350,546,1512567300708,2.5782514,4.685771,12.93534,13.7,63.100002,103,77,70,59,32,24,7,2,0,2,0,0,0,1,0,0,377,-3.1872762000000003,55.939614799999994,128.0,8.0,13:35:00.708000,21,1
351,889,1512653713147,3.5229168,6.0411267,8.650909,8.400001,56.2,152,138,94,54,21,36,13,2,3,1,0,0,0,0,0,0,514,-3.2011469,55.9424748,116.0,5.0,13:35:13.147000,56,1
352,1038,1512740120559,3.4387138,6.4682026,11.925042999999999,6.6,42.4,254,97,65,64,34,31,27,10,8,1,0,0,0,0,0,0,591,-3.1933234,55.9450871,144.0,8.0,13:35:20.559000,0,2
353,547,1512567321476,2.588074,4.98232,6.157923,13.7,63.3,107,98,72,59,38,36,18,2,1,0,0,0,0,0,0,0,431,-3.1872621,55.9396333,138.0,7.0,13:35:21.476000,21,1
354,890,1512653733887,4.928090599999999,8.030733,11.482806,8.5,55.8,219,164,140,94,24,24,10,3,3,0,1,0,0,0,0,0,682,-3.2012612999999996,55.9425725,119.0,4.0,13:35:33.887000,2,2
355,548,1512567341586,2.7844599999999997,4.947983,5.907902,13.7,63.2,117,93,86,67,27,23,11,2,1,0,0,0,0,0,0,0,427,-3.1872629,55.939629700000005,139.0,5.0,13:35:41.586000,21,1
356,1039,1512740143899,2.4574761,3.7158337,8.6131525,6.5,42.8,166,78,44,43,14,8,5,2,0,0,0,0,0,0,0,1,361,-3.1928429,55.9451294,142.0,7.0,13:35:43.899000,0,2
357,891,1512653753424,4.0332894,6.5335712,8.177298,8.5,55.8,198,138,108,85,29,22,7,1,1,1,0,0,0,0,0,0,590,-3.2014702,55.9427723,120.0,4.0,13:35:53.424000,2,2
358,549,1512567362345,2.7056452999999996,5.1392307,6.8729534,13.6,63.2,133,91,78,58,37,41,16,3,0,1,0,0,0,0,0,0,458,-3.1872621,55.93962560000001,134.0,6.0,13:36:02.345000,21,1
359,1040,1512740164021,2.5386016,4.134415,12.21805,6.4,42.9,171,80,61,39,11,18,12,2,1,0,0,2,0,0,0,0,397,-3.1923222,55.9451803,140.0,5.0,13:36:04.021000,32,0
360,892,1512653774201,3.454912,5.877935,7.7233534,8.6,55.5,178,119,85,60,26,27,13,3,3,0,0,0,0,0,0,0,514,-3.2016299999999998,55.942963799999994,126.0,6.0,13:36:14.201000,2,2
361,550,1512567381800,2.7922688,5.1382694,6.04882,13.7,63.3,112,93,96,55,38,27,14,4,0,0,0,0,0,0,0,0,439,-3.1872513,55.9396303,137.0,8.0,13:36:21.800000,21,1
362,1041,1512740184694,2.4417877,3.9179068,14.061910000000001,6.4,43.3,148,70,50,30,13,12,10,1,0,2,1,0,1,0,0,0,338,-3.1916957999999997,55.9452361,145.0,4.0,13:36:24.694000,77,0
363,893,1512653795613,3.0542004,5.241223000000001,7.681725999999999,8.5,55.2,149,108,77,60,16,22,13,4,2,1,0,0,0,0,0,0,452,-3.2018575,55.9431571,125.0,4.0,13:36:35.613000,39,4
364,551,1512567402560,2.548707,4.5313334,5.888026,13.7,63.0,121,97,72,58,31,18,13,3,2,0,0,0,0,0,0,0,415,-3.1872356,55.9396409,134.0,7.0,13:36:42.560000,21,1
365,1042,1512740205553,3.0669,4.352056500000001,7.7450814,6.4,43.4,261,69,48,30,8,6,4,2,3,2,0,0,0,0,0,0,433,-3.191351,55.9453104,142.0,4.0,13:36:45.553000,46,4
366,894,1512653815072,2.9192626,5.1116557,6.912383599999999,8.400001,55.600002,160,89,81,58,24,28,11,5,0,1,0,0,0,0,0,0,457,-3.2019537999999996,55.943368299999996,122.0,6.0,13:36:55.072000,39,4
367,552,1512567422589,2.4705682,4.4158545,5.420882700000001,13.7,63.5,122,92,65,60,32,24,10,3,1,0,0,0,0,0,0,0,409,-3.1872365,55.939640399999995,138.0,4.0,13:37:02.589000,21,1
368,1043,1512740226865,2.2240290000000003,3.437817,5.457326999999999,6.3,43.100002,169,58,46,27,12,9,6,2,2,1,0,0,0,0,0,0,332,-3.1912542,55.9450057,142.0,6.0,13:37:06.865000,46,4
369,895,1512653837120,2.6444087000000005,4.39058,8.960692,8.5,55.600002,149,94,67,51,23,21,4,5,1,0,0,1,0,0,0,0,416,-3.2022664,55.94346120000001,121.0,11.0,13:37:17.120000,63,1
370,553,1512567442781,2.7755165,5.353942,8.8379,13.5,64.0,123,89,98,60,33,33,20,3,3,2,0,0,0,0,0,0,464,-3.1872356,55.939641,139.0,5.0,13:37:22.781000,21,1
371,1044,1512740248360,2.8199572999999996,5.1655693,17.156317,5.3,44.2,200,92,49,30,12,17,22,14,6,3,3,0,0,0,0,0,448,-3.1912881,55.9446953,142.0,8.0,13:37:28.360000,10,4
372,896,1512653857879,2.817716,4.638338,6.2498226,8.400001,55.3,138,94,74,47,20,23,5,1,1,1,0,0,0,0,0,0,404,-3.2027338,55.94355899999999,118.0,10.0,13:37:37.879000,63,1
373,554,1512567462175,2.4266438,4.60677,12.442566000000001,13.7,63.2,115,76,71,77,28,24,15,3,1,0,1,0,1,0,0,0,412,-3.1874291,55.93966579999999,132.0,6.0,13:37:42.175000,21,1
374,1045,1512740270419,2.5477537999999997,4.519483,12.551719,4.8,46.100002,166,62,69,50,12,24,8,4,4,5,1,0,0,0,0,0,405,-3.1912129,55.94434739999999,147.0,6.0,13:37:50.419000,10,4
375,897,1512653878643,2.6090806,4.5535239999999995,6.5517945,8.400001,55.3,142,79,61,44,28,22,10,3,1,1,0,0,0,0,0,0,391,-3.202931,55.9437711,119.0,12.0,13:37:58.643000,37,4
376,555,1512567482356,2.4515168999999997,4.625353,6.306523,13.7,63.3,117,75,76,47,37,29,13,2,3,0,0,0,0,0,0,0,399,-3.1877162,55.939702600000004,135.0,8.0,13:38:02.356000,3,1
377,1046,1512740292480,2.5324075,4.079098999999999,6.919515,4.7000003,47.3,161,66,63,31,13,16,8,0,2,2,0,0,0,0,0,0,362,-3.1911397999999997,55.944027,145.0,7.0,13:38:12.480000,41,4
379,556,1512567503118,2.168798,4.1632867,5.7631106,13.7,63.600002,90,68,64,62,29,33,9,0,1,1,0,0,0,0,0,0,357,-3.1880883,55.9397046,137.0,6.0,13:38:23.118000,3,1
380,1047,1512740315185,2.7311002999999996,4.407456,6.872279600000001,4.6,47.600002,208,89,51,46,27,18,6,4,3,1,0,0,0,0,0,0,453,-3.1909998,55.944008600000004,136.0,8.0,13:38:35.185000,41,4
381,899,1512653921461,3.5857455999999996,5.790935500000001,7.6773567,8.3,55.4,269,92,110,61,19,23,12,4,1,1,0,0,0,0,0,0,592,-3.2026943,55.944325199999994,124.0,9.0,13:38:41.461000,17,2
382,557,1512567523232,2.1115735,3.7966077000000005,5.2551045,13.5,63.9,111,74,53,50,22,28,7,3,0,1,0,0,0,0,0,0,349,-3.1884446,55.9397264,139.0,8.0,13:38:43.232000,78,1
383,1048,1512740337244,3.4362195,5.1892495,9.649839,4.6,47.8,274,135,65,36,14,17,8,7,4,1,1,0,0,0,0,0,562,-3.1905391,55.944221,138.0,6.0,13:38:57.244000,52,4
384,558,1512567543341,2.4223096,4.4702697,5.2791514,13.3,64.700005,117,75,72,65,29,27,10,4,0,0,0,0,0,0,0,0,399,-3.1889507999999998,55.939719999999994,125.0,10.0,13:39:03.341000,66,1
386,1049,1512740359952,2.6529236000000003,4.166512,4.988176999999999,4.8,47.7,212,85,57,40,9,19,10,5,0,0,0,0,0,0,0,0,437,-3.1897127,55.9442042,138.0,9.0,13:39:19.952000,27,1
387,901,1512653962887,3.499393,5.646413,8.753219999999999,8.400001,55.5,228,121,80,54,25,23,10,5,2,0,1,0,0,0,0,0,549,-3.2015453999999997,55.9445365,136.0,10.0,13:39:22.887000,24,4
388,559,1512567563459,2.514524,4.670505,5.803186,13.1,65.700005,115,81,70,66,28,26,13,3,1,0,0,0,0,0,0,0,403,-3.1893830000000003,55.939675300000005,120.0,9.0,13:39:23.459000,33,4
389,1050,1512740382005,2.1228854999999998,3.60949,5.539111599999999,5.0,47.3,151,46,44,43,14,15,8,3,1,1,0,0,0,0,0,0,326,-3.1892141,55.9442193,143.0,8.0,13:39:42.005000,27,1
390,560,1512567584213,2.5569224,4.394549,5.242104,13.1,66.1,130,83,79,51,22,23,5,6,0,0,0,0,0,0,0,0,399,-3.1898969,55.9396997,146.0,7.0,13:39:44.213000,64,1
391,902,1512653985698,3.8653839999999997,6.498043,10.066264,8.400001,55.5,218,134,108,70,18,27,17,4,3,2,0,0,0,0,0,0,601,-3.2010028999999998,55.944631900000005,142.0,7.0,13:39:45.698000,74,2
392,1051,1512740403320,2.5901080000000003,4.242292400000001,7.366624000000001,5.2000003,47.2,163,73,60,42,12,15,8,4,2,0,1,0,0,0,0,0,380,-3.1886966,55.9443735,135.0,6.0,13:40:03.320000,16,1
393,561,1512567604314,2.5296442999999997,4.7996099999999995,5.9303217,12.900001,66.700005,152,70,67,69,23,33,21,1,1,0,0,0,0,0,0,0,437,-3.1902481,55.9397986,137.0,6.0,13:40:04.314000,64,1
394,903,1512654007109,3.5210855000000003,5.721480000000001,8.30822,8.5,55.5,193,120,97,55,24,24,9,3,1,0,1,0,0,0,0,0,527,-3.2004257000000003,55.9447363,149.0,6.0,13:40:07.109000,36,2
395,1052,1512740424176,2.4190047000000003,4.034715,11.627153999999999,5.3,46.9,176,52,57,34,12,18,7,5,3,0,0,0,1,0,0,0,365,-3.1882561000000003,55.9444914,137.0,7.0,13:40:24.176000,16,1
396,562,1512567625075,2.203255,4.1514406,4.7573875999999995,12.900001,66.700005,112,57,63,56,18,33,12,1,0,0,0,0,0,0,0,0,352,-3.190626,55.9398668,143.0,9.0,13:40:25.075000,11,1
397,904,1512654028514,3.0743449000000003,5.6569709999999995,9.442107,8.5,55.4,162,110,88,86,21,33,18,4,4,2,0,0,0,0,0,0,528,-3.1998812,55.94480970000001,150.0,8.0,13:40:28.514000,6,4
398,563,1512567644558,2.4596708,4.380138,5.082443,12.900001,66.4,117,77,74,48,19,23,14,2,0,0,0,0,0,0,0,0,374,-3.1914351,55.9398708,129.0,5.0,13:40:44.558000,19,1
399,1053,1512740444846,3.4353887999999997,5.238566400000001,8.922642999999999,5.5,46.4,238,111,69,39,10,8,11,5,3,2,0,0,0,0,0,0,496,-3.1876603,55.944495499999995,141.0,4.0,13:40:44.846000,40,1
400,905,1512654051205,3.3662052000000005,5.583517,6.645958,8.6,55.2,226,117,102,58,24,30,15,3,1,0,0,0,0,0,0,0,576,-3.1993742999999997,55.94485409999999,140.0,5.0,13:40:51.205000,6,4
401,564,1512567664675,2.6371404999999997,4.854943799999999,6.1742349999999995,12.900001,66.6,146,73,86,66,22,28,18,1,2,0,0,0,0,0,0,0,442,-3.1915885,55.940200100000006,137.0,8.0,13:41:04.675000,54,3
402,1054,1512740469585,2.9885870999999997,4.50887,5.2442150000000005,5.2000003,45.5,240,100,71,41,12,14,8,5,0,0,0,0,0,0,0,0,491,-3.1870627999999996,55.9446451,144.0,8.0,13:41:09.585000,70,1
403,906,1512654072632,3.2002002999999997,5.578446,16.200933,8.6,55.0,170,103,90,67,17,28,16,2,3,0,0,1,1,0,0,0,498,-3.1988582,55.9449304,142.0,3.0,13:41:12.632000,79,1
404,565,1512567685414,2.1066785,3.86553,4.3348293,12.900001,66.700005,101,71,64,57,28,20,14,0,0,0,0,0,0,0,0,0,355,-3.1915707,55.94045210000001,141.0,8.0,13:41:25.414000,54,3
405,1055,1512740490996,1.9871511000000002,3.1645427,4.3284845,5.3,46.0,128,63,56,35,14,12,2,1,3,0,0,0,0,0,0,0,314,-3.1865395,55.944670499999994,143.0,6.0,13:41:30.996000,70,1
406,907,1512654094039,3.0394377999999995,5.1787496,9.662265,8.6,55.100002,179,93,94,70,24,21,7,5,2,2,1,0,0,0,0,0,498,-3.1983135,55.94486559999999,142.0,3.9,13:41:34.039000,26,2
407,566,1512567704885,2.0738225,3.9151142,6.534281,12.8,67.1,106,74,50,64,27,35,7,1,2,0,1,0,0,0,0,0,367,-3.19156,55.940661600000006,145.0,9.0,13:41:44.885000,31,3
408,1056,1512740513050,1.8354943,2.9816642000000004,5.235144,5.4,45.7,100,56,41,26,8,10,7,2,0,0,1,0,0,0,0,0,251,-3.1859447999999997,55.9445456,140.0,8.0,13:41:53.050000,1,3
409,908,1512654114161,2.9530215,4.9263234,6.7972283,8.7,55.0,173,91,77,53,18,24,9,3,1,1,0,0,0,0,0,0,450,-3.1978367000000003,55.9448664,141.0,7.0,13:41:54.161000,48,2
410,567,1512567725644,2.247359,4.219972,5.2272362999999995,12.8,67.4,115,67,60,61,16,35,11,2,1,0,0,0,0,0,0,0,368,-3.1915044,55.9409407,139.0,9.0,13:42:05.644000,31,3
411,1057,1512740533151,2.5643284,3.9340296,5.922683999999999,5.2000003,45.100002,185,78,41,31,14,10,7,4,1,1,0,0,0,0,0,0,372,-3.1857674,55.9444047,141.0,7.0,13:42:13.151000,1,3
412,909,1512654135560,2.5384927000000004,4.461623,6.2331734,8.7,55.0,124,83,78,52,17,18,16,1,1,1,0,0,0,0,0,0,391,-3.1973421,55.9448453,146.0,3.9,13:42:15.560000,48,2
413,568,1512567746403,2.4449499,4.508082,5.122882,12.8,67.3,121,70,72,52,33,28,13,1,0,0,0,0,0,0,0,0,390,-3.1915014999999998,55.941328299999995,124.0,6.0,13:42:26.403000,59,3
414,1058,1512740553924,2.9451191000000003,4.5915017,7.4711704,5.2000003,45.7,203,86,64,48,11,10,7,5,1,2,0,0,0,0,0,0,437,-3.1856092,55.94452510000001,138.0,8.0,13:42:33.924000,65,4
415,910,1512654157614,2.768956,4.7521615,6.125116,8.8,54.600002,164,114,74,59,24,28,12,4,2,0,0,0,0,0,0,0,481,-3.1969298,55.94477560000001,142.0,7.0,13:42:37.614000,13,4
416,569,1512567765870,2.3559240000000004,4.367515,5.131254,12.8,67.700005,96,75,73,47,27,28,11,3,0,0,0,0,0,0,0,0,360,-3.1915432,55.9415767,131.0,8.0,13:42:45.870000,59,3
417,1059,1512740575977,2.8443766,4.568294,12.563728999999999,5.3,46.0,224,91,49,32,17,21,11,6,2,1,0,0,0,1,0,0,455,-3.1851574,55.94480849999999,139.0,5.0,13:42:55.977000,65,4
418,911,1512654178360,2.7024806,4.938924299999999,6.6756363,8.8,54.2,125,90,76,49,26,40,8,3,3,0,0,0,0,0,0,0,420,-3.1962357000000003,55.944809899999996,149.0,5.0,13:42:58.360000,68,1
419,570,1512567785330,2.4458532,4.456905,6.797459,12.8,68.0,95,85,71,53,26,28,9,3,0,0,1,0,0,0,0,0,371,-3.1915652000000003,55.941820299999996,134.0,7.0,13:43:05.330000,5,3
420,912,1512654199784,2.9293153,5.292493,8.010739,8.8,54.2,159,92,83,57,26,35,17,1,1,2,0,0,0,0,0,0,473,-3.1956990000000003,55.9449654,138.0,6.0,13:43:19.784000,20,4
421,1060,1512740599983,2.8561144,4.224794999999999,5.444761799999999,5.4,45.8,275,88,51,32,9,16,10,3,2,0,0,0,0,0,0,0,486,-3.1846592,55.944963699999995,136.0,5.0,13:43:19.983000,45,2
422,571,1512567805443,2.086247,3.8797593,5.1181364,13.0,67.1,76,64,53,53,21,18,9,1,2,0,0,0,0,0,0,0,297,-3.1915273999999996,55.94214350000001,131.0,6.0,13:43:25.443000,5,3
423,913,1512654225089,5.0886817,8.005983,12.186652,8.900001,54.3,425,195,126,83,38,31,23,4,1,4,0,0,0,0,0,0,930,-3.1951291,55.9448689,143.0,9.0,13:43:45.089000,42,0
424,572,1512567826167,2.4015837,4.6493936,5.386394999999999,12.900001,67.1,88,73,65,57,33,26,16,1,0,0,0,0,0,0,0,0,359,-3.1914769,55.9423368,120.0,9.0,13:43:46.167000,62,3
425,573,1512567846956,2.4874577999999996,4.3013587,4.6680155,13.0,67.1,100,78,74,47,20,23,8,0,0,0,0,0,0,0,0,0,350,-3.1917566,55.942502299999994,125.0,6.0,13:44:06.956000,62,3
426,914,1512654249736,3.3996797,5.902292299999999,10.361272,8.900001,54.5,264,155,103,78,26,45,17,11,2,4,0,0,0,0,0,0,705,-3.194495,55.9449,147.0,8.0,13:44:09.736000,67,2
427,574,1512567867716,2.2908862,4.448588,6.348644999999999,12.8,67.700005,106,73,54,71,23,31,12,5,0,1,0,0,0,0,0,0,376,-3.1922566000000003,55.9425634,118.0,8.0,13:44:27.716000,34,3
428,915,1512654274389,4.3879684999999995,6.837032300000001,7.9709460000000005,8.900001,54.100002,430,159,108,76,29,42,17,4,1,0,0,0,0,0,0,0,866,-3.1938997000000002,55.94497629999999,145.0,7.0,13:44:34.389000,49,2
429,575,1512567887829,2.3754902,4.561635,6.629781200000001,12.3,69.6,93,70,70,55,27,28,12,3,1,1,0,0,0,0,0,0,360,-3.1927244,55.94265600000001,122.0,12.0,13:44:47.829000,76,3
430,916,1512654297083,3.2647727000000004,5.254079,6.4890094000000005,9.0,53.8,221,134,92,60,24,28,8,4,2,0,0,0,0,0,0,0,573,-3.193366,55.94507410000001,146.0,6.0,13:44:57.083000,0,2
431,576,1512567908603,1.9877581999999998,3.767643,4.3256717,12.2,70.200005,92,51,58,46,25,24,11,1,0,0,0,0,0,0,0,0,308,-3.1933792999999997,55.942616099999995,128.0,6.0,13:45:08.603000,15,3
432,917,1512654321098,2.982226,5.410096,12.448592999999999,9.0,54.0,167,108,101,63,25,37,18,5,2,1,0,0,1,0,0,0,528,-3.1928455000000002,55.9451,134.0,6.0,13:45:21.098000,0,2
433,577,1512567928615,1.9846598000000002,3.7832614999999996,5.301846,11.900001,71.3,88,72,43,73,20,21,11,1,3,0,0,0,0,0,0,0,332,-3.1936657000000004,55.9426306,122.0,6.0,13:45:28.615000,15,3
434,918,1512654341846,3.3448173999999997,6.1491795,13.78485,9.0,53.7,228,118,79,67,28,38,22,10,6,1,0,1,0,0,0,0,598,-3.1922824,55.9451535,139.0,6.0,13:45:41.846000,32,0
435,578,1512567948163,2.2317934,3.8547053,4.2378273,11.900001,72.1,98,82,64,43,20,21,10,0,0,0,0,0,0,0,0,0,338,-3.1943166,55.9425421,127.0,9.0,13:45:48.163000,71,3
436,919,1512654364564,4.6835623,7.7088684999999995,12.292769999999999,9.1,53.7,425,148,85,66,31,38,24,14,3,2,0,0,0,0,0,0,836,-3.1917881,55.945253,139.0,8.0,13:46:04.564000,77,0
437,579,1512567969574,2.093941,3.7412934,5.081861,12.0,71.3,95,64,70,41,23,22,7,2,0,1,0,0,0,0,0,0,325,-3.1948204,55.9425313,132.0,4.0,13:46:09.574000,28,1
438,920,1512654387255,3.367863,5.9581599999999995,14.302979999999998,9.1,53.600002,219,122,94,62,26,40,20,6,3,0,1,0,1,0,0,0,594,-3.1913636000000003,55.945142700000005,140.0,4.0,13:46:27.255000,46,4
439,580,1512567990330,2.481985,4.4943633,5.3206596,12.0,71.700005,104,81,66,52,19,24,13,3,0,0,0,0,0,0,0,0,362,-3.1952879000000003,55.9425363,127.0,9.0,13:46:30.330000,50,3
440,921,1512654408675,2.9505332,5.8474708,17.664259,8.8,53.3,156,90,80,57,40,27,21,14,3,2,1,0,1,0,0,0,492,-3.1912889,55.9448032,140.0,8.0,13:46:48.675000,10,4
441,581,1512568010456,2.2320461,4.192295,6.453452599999999,11.900001,72.1,98,77,56,48,34,27,13,1,0,0,1,0,0,0,0,0,355,-3.1958578999999996,55.9424897,123.0,7.0,13:46:50.456000,50,3
442,922,1512654429440,3.6059592000000005,7.958980599999999,41.020664000000004,8.400001,54.100002,188,115,90,72,31,42,40,26,9,7,1,2,2,0,0,0,625,-3.1913255,55.9444678,143.0,5.0,13:47:09.440000,10,4
443,582,1512568030556,2.3164352999999998,4.2864494,6.782274,11.8,72.0,118,67,67,56,24,21,14,4,0,0,1,0,0,0,0,0,372,-3.1963376,55.9424291,141.0,9.0,13:47:10.556000,7,1
444,583,1512568051969,2.220662,3.9486491999999997,4.437883,11.900001,71.700005,111,68,66,49,26,21,10,1,0,0,0,0,0,0,0,0,352,-3.1966794,55.942424,147.0,7.0,13:47:31.969000,7,1
445,923,1512654452148,4.0783114000000005,8.903823,45.295547,7.9,55.600002,209,128,118,72,37,57,41,25,12,6,7,2,1,0,0,0,715,-3.1913047999999997,55.944123,151.0,6.0,13:47:32.148000,41,4
446,584,1512568071988,2.2572432,4.08957,4.861251,11.900001,72.0,101,59,69,41,28,21,10,0,1,0,0,0,0,0,0,0,330,-3.1975287999999997,55.9423556,139.0,7.0,13:47:51.988000,30,1
447,924,1512654476785,3.7732716,7.330949,16.935337,7.4,57.0,280,121,107,73,44,39,35,14,10,6,0,0,0,0,0,0,729,-3.1911412999999995,55.9440204,146.0,7.0,13:47:56.785000,41,4
448,585,1512568092168,2.3502195,4.1534580000000005,5.0182614,11.900001,71.700005,104,69,76,44,24,22,7,2,1,0,0,0,0,0,0,0,349,-3.1981592,55.9422385,138.0,9.0,13:48:12.168000,51,4
450,586,1512568113588,2.24706,4.16029,4.9357986,11.900001,71.8,97,57,72,54,27,20,8,4,0,0,0,0,0,0,0,0,339,-3.1985967,55.942290299999996,134.0,8.0,13:48:33.588000,75,1
451,926,1512654523498,3.4843528,6.1707015,9.121702,7.5,57.8,271,115,77,64,39,35,23,9,2,1,0,0,0,0,0,0,636,-3.1901878,55.944334700000006,134.0,8.0,13:48:43.498000,61,4
452,587,1512568132977,2.1638677000000004,3.9189547999999994,4.5964017,12.1,71.3,99,62,67,44,25,20,9,3,0,0,0,0,0,0,0,0,329,-3.1989179,55.9422981,139.0,8.0,13:48:52.977000,14,4
453,927,1512654546856,2.9276204,4.9975905,6.8021517000000005,7.7000003,57.2,202,105,86,63,22,34,12,4,1,1,0,0,0,0,0,0,530,-3.189425,55.944410399999995,139.0,9.0,13:49:06.856000,27,1
454,588,1512568154463,2.2389956,3.895088,4.303895,12.1,71.200005,110,70,56,47,17,22,10,0,0,0,0,0,0,0,0,0,332,-3.199621,55.9422473,142.0,7.0,13:49:14.463000,58,4
455,928,1512654568265,2.6912212,4.596048400000001,6.541497,7.9,56.9,158,95,76,52,24,29,8,2,2,1,0,0,0,0,0,0,447,-3.1885432999999996,55.944367799999995,140.0,7.0,13:49:28.265000,16,1
456,589,1512568174586,2.189746,3.9278781000000005,4.987831,12.1,71.200005,101,67,70,45,19,21,8,4,1,0,0,0,0,0,0,0,336,-3.2002667000000002,55.942055700000004,149.0,6.0,13:49:34.586000,22,4
457,929,1512654590331,2.6223273,4.5528417,5.157799,7.9,56.5,138,88,84,56,20,28,11,2,0,0,0,0,0,0,0,0,427,-3.1880083999999997,55.944490599999995,143.0,5.0,13:49:50.331000,40,1
458,590,1512568194686,2.319578,4.1532617,10.085965,12.1,70.9,103,70,80,54,23,28,6,1,1,0,0,0,0,1,0,0,367,-3.2006125,55.9421717,134.0,4.0,13:49:54.686000,22,4
459,591,1512568214795,2.3574178,4.416638400000001,5.6225615,12.2,70.0,112,64,85,55,28,27,13,1,2,0,0,0,0,0,0,0,387,-3.2009395,55.9424315,134.0,7.0,13:50:14.795000,56,1
460,930,1512654614986,2.48468,4.3268629999999995,6.3633657,8.1,56.100002,158,93,75,61,23,22,12,4,2,1,0,0,0,0,0,0,451,-3.1875329,55.9445743,140.0,9.0,13:50:14.986000,40,1
461,592,1512568234180,2.2494705,4.352148000000001,8.012210000000001,12.400001,70.0,97,78,58,61,28,24,11,6,3,0,1,0,0,0,0,0,367,-3.2009098,55.9427187,132.0,14.0,13:50:34.180000,56,1
462,931,1512654636377,2.806581,4.818139599999999,11.17095,8.1,55.600002,156,85,74,57,24,23,12,1,1,0,0,0,0,1,0,0,434,-3.1868817000000003,55.944638600000005,146.0,10.0,13:50:36.377000,70,1
463,593,1512568254371,2.57417,4.5687737,5.676741000000001,12.400001,69.700005,114,71,85,52,32,21,7,1,2,0,0,0,0,0,0,0,385,-3.2012793999999998,55.9428955,132.0,8.0,13:50:54.371000,2,2
464,932,1512654659741,2.8288434,5.3103685,9.611929,8.1,55.3,154,93,88,66,28,28,13,11,4,2,0,0,0,0,0,0,487,-3.1863861,55.9446355,139.0,6.0,13:50:59.741000,1,3
465,594,1512568275779,2.303407,4.2190433,5.251535,12.5,69.4,100,72,71,61,16,25,10,3,1,0,0,0,0,0,0,0,359,-3.2017868,55.9431076,119.0,4.0,13:51:15.779000,39,4
466,933,1512654679847,2.8133705,5.229213,24.841175,8.1,55.2,137,92,83,63,24,28,12,4,5,5,0,1,1,0,0,1,456,-3.1861139,55.9445356,144.0,9.0,13:51:19.847000,1,3
467,595,1512568295898,2.4705765,4.492862000000001,10.593408,12.6,68.8,129,76,79,61,26,28,11,3,1,0,0,0,0,1,0,0,415,-3.2020675,55.94333100000001,126.0,6.0,13:51:35.898000,39,4
468,934,1512654701900,2.8540678,4.955907,11.047227000000001,7.9,55.0,162,100,78,56,27,21,13,6,0,2,0,1,0,0,0,0,466,-3.1860066000000002,55.94463879999999,133.0,16.0,13:51:41.900000,1,3
469,596,1512568315929,2.4578462000000005,4.5345283,9.242828999999999,12.7,68.4,130,74,70,65,36,30,8,2,2,0,0,1,0,0,0,0,418,-3.202293,55.943532,123.0,7.0,13:51:55.929000,63,1
470,935,1512654725825,3.2125661,5.2083281999999995,11.167093,7.9,55.5,191,120,96,57,27,21,6,4,2,0,1,1,0,0,0,0,526,-3.1852688,55.944631799999996,135.0,8.0,13:52:05.825000,65,4
471,597,1512568338720,2.6917607999999995,4.6902905,10.116114,12.8,68.200005,163,82,75,64,31,30,9,1,0,0,1,1,0,0,0,0,457,-3.2029461,55.94370279999999,133.0,6.0,13:52:18.720000,37,4
472,936,1512654748627,3.8446657999999996,5.945557,7.957652,8.1,55.600002,289,144,92,78,28,23,8,2,0,2,0,0,0,0,0,0,666,-3.1847105,55.944993200000006,141.0,9.0,13:52:28.627000,45,2
473,598,1512568358823,2.894679,5.029725,7.234611999999999,12.900001,67.6,161,92,89,61,31,21,15,1,0,2,0,0,0,0,0,0,473,-3.2030806,55.9439805,137.0,11.0,13:52:38.823000,37,4
474,937,1512654770035,3.0480192,5.11544,9.331058,8.2,55.100002,178,104,83,64,25,24,10,4,0,0,0,1,0,0,0,0,493,-3.1843397999999996,55.9450747,142.0,7.0,13:52:50.035000,9,2
475,599,1512568380878,2.826724,4.780044,5.3840129999999995,13.0,67.6,180,105,88,59,21,33,12,2,0,0,0,0,0,0,0,0,500,-3.2027096,55.94456579999999,157.0,11.0,13:53:00.878000,17,2
476,938,1512654793376,3.3910525000000002,5.590329,16.842489999999998,8.3,54.8,250,120,95,62,30,20,14,5,4,0,1,1,1,0,0,0,603,-3.1840474999999997,55.9450825,144.0,6.0,13:53:13.376000,53,2
477,600,1512568402287,3.1126626,5.330058,7.103936,13.1,67.3,177,117,92,80,22,28,11,2,4,0,0,0,0,0,0,0,533,-3.2021909,55.9444556,154.0,7.0,13:53:22.287000,73,4
478,939,1512654817399,3.120534,5.213604,10.937825,8.400001,54.7,209,125,86,55,32,18,10,7,4,3,1,0,0,0,0,0,550,-3.1838201,55.9451762,137.0,96.0,13:53:37.399000,53,2
479,601,1512568423053,2.6521220000000003,4.7184305,8.682256,13.1,67.1,155,104,67,65,29,30,9,5,3,1,1,0,0,0,0,0,469,-3.2016517999999996,55.944521400000006,155.0,6.0,13:53:43.053000,24,4
480,940,1512654841399,3.0769992000000004,4.774071,10.092958,8.400001,54.7,227,123,86,59,20,15,10,2,1,0,0,0,0,1,0,0,544,-3.1839606,55.945225300000004,136.0,51.0,13:54:01.399000,53,2
481,602,1512568443820,2.513788,4.3693247,5.782839,13.2,67.200005,132,81,70,52,26,16,14,1,0,1,0,0,0,0,0,0,393,-3.2013387000000004,55.9446539,156.0,6.0,13:54:03.820000,24,4
482,603,1512568464567,2.7311263,4.732622599999999,5.477286299999999,13.3,66.9,148,97,77,57,35,34,6,1,1,0,0,0,0,0,0,0,456,-3.2013123,55.944615299999995,157.0,9.0,13:54:24.567000,24,4
483,941,1512654864747,2.7004363999999996,4.0659013,10.301034,8.5,55.7,212,121,68,52,16,9,7,3,0,2,0,0,1,0,0,0,491,-3.1839685,55.9452115,138.0,11.0,13:54:24.747000,53,2
484,604,1512568485321,2.6355237999999996,4.585141999999999,6.789641400000001,13.3,66.700005,142,95,76,59,30,20,11,1,3,1,0,0,0,0,0,0,438,-3.2008567,55.9447927,161.0,11.0,13:54:45.321000,74,2
486,605,1512568506086,2.5098773999999997,4.4515709999999995,6.898032700000001,13.3,66.4,139,77,64,46,26,22,14,3,0,0,1,0,0,0,0,0,392,-3.200287,55.944800300000004,155.0,9.0,13:55:06.086000,36,2
488,606,1512568527414,2.7986412,4.9369745,7.854137400000001,13.2,66.8,184,85,89,60,33,32,11,1,3,2,0,0,0,0,0,0,500,-3.1997609000000002,55.944799399999994,159.0,10.0,13:55:27.414000,6,4
490,607,1512568548264,2.56537,4.5812445,6.266653,13.2,66.8,160,71,74,59,28,29,12,1,1,1,0,0,0,0,0,0,436,-3.1992993,55.9449034,156.0,8.0,13:55:48.264000,6,4
492,608,1512568569661,2.5370321,4.323039499999999,6.889711999999999,13.2,66.700005,127,88,82,37,24,19,12,0,2,0,1,0,0,0,0,0,392,-3.1987619,55.9449677,157.0,4.0,13:56:09.661000,79,1
494,609,1512568589781,2.5697744,4.681030000000001,5.7498190000000005,13.3,66.3,148,87,69,69,24,29,17,2,1,0,0,0,0,0,0,0,446,-3.1983308999999998,55.9449439,151.0,4.0,13:56:29.781000,26,2
496,610,1512568610541,2.2376549999999997,4.3668804,7.639678,13.400001000000001,66.3,124,72,69,56,26,36,12,8,2,0,1,0,0,0,0,0,406,-3.1978944,55.944946200000004,153.0,6.0,13:56:50.541000,48,2
498,611,1512568631295,2.9616077,5.000893,7.2339649999999995,13.400001000000001,66.1,211,95,71,48,33,28,15,1,0,2,0,0,0,0,0,0,504,-3.1975547000000004,55.9448046,143.0,8.0,13:57:11.295000,48,2
500,612,1512568654005,3.5718555,6.093079,12.4387045,13.5,66.0,196,139,96,97,31,25,14,2,3,0,1,1,0,0,0,0,605,-3.1966422000000003,55.94478589999999,151.0,11.0,13:57:34.005000,13,4
501,613,1512568673475,2.186618,4.0828923999999995,5.171327,13.2,66.700005,108,75,62,74,23,23,11,4,1,0,0,0,0,0,0,0,381,-3.1961239,55.9448289,156.0,13.0,13:57:53.475000,68,1
502,614,1512568694222,2.5650952,4.76775,6.2510796,13.2,66.9,127,85,73,57,29,29,12,7,1,0,0,0,0,0,0,0,420,-3.195748,55.944893900000004,148.0,13.0,13:58:14.222000,20,4
503,615,1512568715637,2.8312988,4.855725,7.704896499999999,13.3,66.200005,155,86,85,56,21,27,12,0,0,1,1,0,0,0,0,0,444,-3.1952945,55.944876799999996,148.0,9.0,13:58:35.637000,42,0
504,616,1512568738338,2.3764496,4.2532873,5.3217845,13.3,66.200005,159,75,76,66,20,35,11,1,2,0,0,0,0,0,0,0,445,-3.1947036,55.944939,153.0,5.0,13:58:58.338000,67,2
505,617,1512568760960,2.3823276,4.303059999999999,5.206045,13.400001000000001,66.1,135,88,84,70,25,26,15,2,1,0,0,0,0,0,0,0,446,-3.1941848999999998,55.945017500000006,161.0,9.0,13:59:20.960000,49,2
506,618,1512568783753,2.5298576,4.7046980000000005,5.7965827,13.400001000000001,66.1,141,99,84,70,38,29,16,7,0,0,0,0,0,0,0,0,484,-3.1934206,55.9450613,154.0,12.0,13:59:43.753000,0,2
507,619,1512568805173,4.3766680000000004,8.05414,22.456188,13.400001000000001,66.200005,366,152,123,93,31,40,43,13,9,7,1,0,0,0,0,1,879,-3.1929711,55.9451757,142.0,3.9,14:00:05.173000,0,2
508,620,1512568826488,4.0468116,8.073292,39.347126,13.400001000000001,66.5,275,139,121,81,52,47,29,25,8,10,2,5,0,0,0,0,794,-3.1923847999999997,55.94517760000001,148.0,8.0,14:00:26.488000,32,0
509,621,1512568847984,3.3617282,6.403468,18.613888,13.3,66.6,211,128,94,73,36,39,26,14,4,2,2,0,1,0,0,0,630,-3.1918464,55.945155799999995,143.0,6.0,14:00:47.984000,77,0
510,622,1512568870689,2.0780327,4.0486975,9.423302,13.3,66.6,113,78,69,59,24,32,11,8,3,1,2,0,0,0,0,0,400,-3.1913465,55.945272200000005,149.0,9.0,14:01:10.689000,46,4
511,623,1512568892750,2.0114923,3.7186839999999997,4.5515419999999995,13.3,66.4,95,66,66,47,22,24,12,1,1,0,0,0,0,0,0,0,334,-3.1912553,55.9450149,139.0,5.0,14:01:32.750000,46,4
512,624,1512568913499,2.13532,3.6475074,5.6259947,13.2,66.700005,129,74,56,56,24,21,4,3,0,0,1,0,0,0,0,0,368,-3.1912311,55.944708299999995,142.0,4.0,14:01:53.499000,10,4
513,625,1512568935582,2.555473,4.208542,4.915301,13.1,67.200005,174,87,76,57,29,21,5,2,1,0,0,0,0,0,0,0,452,-3.1912335,55.944414,138.0,5.0,14:02:15.582000,10,4
514,626,1512568956326,1.8094689999999998,3.2054120999999998,12.7389765,13.0,67.200005,90,60,50,37,31,16,5,1,1,0,0,1,0,1,0,0,293,-3.1912545,55.9441045,131.0,10.0,14:02:36.326000,41,4
515,627,1512568978374,1.7925115000000003,3.3614775999999997,4.1597066,12.6,68.700005,75,58,55,48,21,19,10,1,1,0,0,0,0,0,0,0,288,-3.190974,55.943957999999995,140.0,7.0,14:02:58.374000,41,4
516,628,1512568999783,1.8660188000000002,3.4571617,5.513599,12.3,69.9,87,55,63,42,35,15,9,2,0,0,1,0,0,0,0,0,309,-3.190497,55.944050600000004,135.0,8.0,14:03:19.783000,52,4
517,629,1512569021158,2.0964742,3.7039489999999997,4.54526,12.3,70.3,94,65,61,45,25,15,7,2,1,0,0,0,0,0,0,0,315,-3.1900730999999998,55.944283,139.0,10.0,14:03:41.158000,61,4
518,630,1512569043168,2.2828470000000003,4.0498195,7.124764999999999,12.400001,70.0,122,69,62,52,37,20,7,0,1,1,1,0,0,0,0,0,372,-3.1893891,55.9443303,139.0,6.0,14:04:03.168000,27,1
519,631,1512569063369,2.5037439999999997,4.361674,5.267245,12.400001,70.3,128,80,70,47,19,22,13,1,1,0,0,0,0,0,0,0,381,-3.1888398999999996,55.9443811,138.0,10.0,14:04:23.369000,16,1
520,632,1512569082823,1.8762008000000001,3.1829294999999997,6.0719247,12.400001,70.0,105,64,49,42,21,17,4,0,1,1,1,0,0,0,0,0,305,-3.188354,55.9444454,139.0,12.0,14:04:42.823000,16,1
521,633,1512569105523,2.2624345,3.9666884,12.042882,12.5,69.8,85,91,69,48,10,31,8,1,0,0,0,1,0,0,0,1,345,-3.1877645,55.9444956,135.0,4.0,14:05:05.523000,40,1
522,634,1512569124347,2.1767979,3.8816227999999997,7.959954300000001,12.6,69.3,109,66,68,55,18,26,6,3,0,0,0,1,0,0,0,0,352,-3.1873218999999997,55.944563,143.0,13.0,14:05:24.347000,40,1
523,635,1512569145772,1.8856612000000001,3.5293012000000004,4.1578336,12.7,69.200005,103,64,48,52,23,25,12,2,0,0,0,0,0,0,0,0,329,-3.1866839,55.94461879999999,146.0,6.0,14:05:45.772000,70,1
524,636,1512569166508,2.2701912,4.164678,8.415998,12.7,69.1,104,83,75,55,31,26,10,3,1,0,0,1,0,0,0,0,389,-3.1865580000000002,55.9446279,144.0,6.0,14:06:06.508000,70,1
525,637,1512569189213,2.0714047,3.723445,4.530801,12.8,68.9,92,75,65,37,14,22,12,4,0,0,0,0,0,0,0,0,321,-3.1863006,55.944577,144.0,6.0,14:06:29.213000,1,3
526,638,1512569209342,1.990579,3.5865671999999997,9.106012,12.7,69.0,88,68,53,43,19,22,10,1,0,0,0,0,0,0,1,0,305,-3.1859938,55.9443582,149.0,12.0,14:06:49.342000,1,3
527,639,1512569230739,1.9794608,3.5989815999999997,4.266036,12.7,69.3,98,61,53,49,20,20,9,3,0,0,0,0,0,0,0,0,313,-3.1856276,55.9447157,141.0,16.0,14:07:10.739000,65,4
528,640,1512569250853,2.335966,4.0864400000000005,8.9320755,12.7,69.200005,136,60,70,35,16,22,11,3,0,1,2,0,0,0,0,0,356,-3.1853813,55.9449878,140.0,12.0,14:07:30.853000,65,4
529,641,1512569270309,2.537772,4.4622803,5.0741153,12.7,69.4,134,71,81,59,20,16,16,1,0,0,0,0,0,0,0,0,398,-3.1848438,55.94504839999999,138.0,16.0,14:07:50.309000,45,2
530,642,1512569290429,2.2969263,4.0929394,4.98038,12.8,69.200005,135,76,61,66,30,19,11,2,1,0,0,0,0,0,0,0,401,-3.1842589,55.9451142,138.0,13.0,14:08:10.429000,9,2
531,643,1512569311845,2.2815119999999998,3.8654974,4.7059956,12.8,69.200005,164,81,48,58,28,25,5,3,1,0,0,0,0,0,0,0,413,-3.1843008,55.9451791,134.0,7.0,14:08:31.845000,9,2
532,644,1512569333194,2.6289222000000003,4.643443,5.2154755999999995,12.7,69.9,146,83,77,62,29,26,13,1,0,0,0,0,0,0,0,0,437,-3.1843141,55.94517389999999,136.0,8.0,14:08:53.194000,9,2
533,645,1512569354004,2.3568902,4.012015,4.997546,12.6,69.9,137,91,57,49,17,21,11,3,1,0,0,0,0,0,0,0,387,-3.1842101,55.9452228,155.0,13.0,14:09:14.004000,9,2
534,646,1512569375415,2.0400665,3.5992464999999996,5.058372,12.6,70.1,105,71,64,47,15,23,10,0,1,1,0,0,0,0,0,0,337,-3.1842105,55.945287199999996,151.0,10.0,14:09:35.415000,9,2
535,647,1512569394159,2.3884594,4.019947,6.6995745,12.5,70.6,156,75,64,51,24,25,6,1,0,1,1,0,0,0,0,0,404,-3.183933,55.945271700000006,141.0,13.0,14:09:54.159000,53,2
536,648,1512569414257,3.5000067,5.888305,7.248212,12.6,70.700005,270,96,83,57,24,33,19,4,1,0,0,0,0,0,0,0,587,-3.1840741,55.9452502,0.0,16.473,14:10:14.257000,53,2
537,649,1512569435015,3.4335396,5.5121199999999995,14.8358755,12.7,69.9,245,110,73,73,21,26,11,2,0,0,0,1,1,0,0,0,563,-3.1839106,55.9451976,147.60000610351562,15.413,14:10:35.015000,53,2
538,650,1512569454830,3.3130403,5.5114894,19.93927,12.8,69.9,179,106,103,62,27,31,7,0,1,0,1,1,0,0,1,1,520,-3.1839333,55.945258499999994,132.0,19.0,14:10:54.830000,53,2
539,651,1512569475631,2.1707547000000003,3.8701851,8.894581,12.900001,69.9,122,58,78,41,22,19,13,0,2,0,0,0,0,0,0,1,356,-3.1839345000000003,55.9452562,131.0,22.0,14:11:15.631000,53,2
540,652,1512569495663,2.2056517999999996,3.8293943,10.268372,13.1,74.200005,121,82,57,44,16,17,10,6,1,0,0,0,0,1,0,0,355,-3.1839345000000003,55.9452562,132.0,42.0,14:11:35.663000,53,2
